Devices, Status, Model
asdasdasd, No response, na 
COCSWS122614, Live, Error 
COCSWS171386, Live, HPEliteDesk800G1USDT 
COCSWS121822, Live, HPProBook650G1 
COCSWS123806, Live, HPCompaq8000EliteUSDTPC 
COCSWSScan1, No response, na 
COCSWS125037, Live, HPCompaqElite8300USDT 
COCSWS111852, Live, HPEliteDesk800G1USDT 
COCSWS150239, Live, HPEliteDesk800G1USDT 
COCSWS124832, Live, HPEliteDesk800G1DM 
COCSWS125154, Live, HPCompaq8000EliteUSDTPC 
COCSWS113136, Live, HPCompaq8000EliteUSDTPC 
COCSWS142000, Live, HPEliteDesk800G1USDT 
COCSWS160662, Live, HPEliteDesk800G1USDT 
COCSWS130924, No response, na 
COCSWS160994, Live, HPEliteDesk800G1DM 
COCSWS150098, Live, HPProBook650G1 
COCSWS125045, Live, HPCompaqElite8300USDT 
COCSWS120304, Live, HPCompaq8000EliteUSDTPC 
COCSWS126759, Live, HPEliteDesk800G1USDT 
COCSWS130256, Live, HPCompaq8000EliteUSDTPC 
COCSWS130255, Live, HPEliteDesk800G1USDT 
COCSWS126380, Live, HPCompaq8000EliteUSDTPC 
COCSWS130254, Live, HPCompaq8000EliteUSDTPC 
COCSWS122473, Live, HPCompaq8200EliteUSDTPC 
COCSWS130984, Live, HPCompaq8200EliteUSDTPC 
COCSWS130983, No response, na 
COCSWS124019, Live, HPEliteDesk800G1USDT 
COCSWS112186, Live, HPCompaq8000EliteUSDTPC 
COCSWS141552, No response, na 
COCSWS131004, Live, HPCompaq8200EliteUSDTPC 
COCSWS121728, Live, HPCompaq8000EliteUSDTPC 
cocsWS161359, No response, na 
cocsWS161357, No response, na 
COCSWS125149, Live, HPCompaqdc7900SmallFormFactor 
COCSWS160712, Live, HPEliteDesk800G1USDT 
COCSWS160711, Live, HPEliteDesk800G1USDT 
COCSWS160708, Live, HPEliteDesk800G1USDT 
COCSWS160702, Live, HPEliteDesk800G1USDT 
COCSWS160709, Live, HPEliteDesk800G1USDT 
COCSWS160824, Live, HPEliteBookRevolve810G3 
COCSWS161203, Live, HPEliteBookRevolve810G3 
COCSWS161177, Live, HPEliteBookRevolve810G3 
COCSWS161180, Live, HPEliteBookRevolve810G3 
COCSWS161207, No response, na 
COCSWS161179, No response, na 
COCSWS150218, No response, na 
COCSWS160815, Live, HPEliteBook820G2 
COCSWS160713, Live, HPEliteDesk800G1USDT 
COCSWS150216, Live, HPEliteDesk800G1USDT 
COCSWS161336, Live, HPEliteDesk800G2DM35W 
COCSWS161331, Live, HPEliteDesk800G2DM35W 
COCSWS161335, No response, na 
COCSWS161330, Live, HPEliteDesk800G2DM35W 
COCSWS161334, Live, HPEliteDesk800G2DM35W 
COCSWS161332, Live, HPEliteDesk800G2DM35W 
COCSWS161333, No response, na 
COCSWS112303, No response, na 
COCSWS112662, Live, HPCompaq8000EliteSFFPC 
COCSWS121421, No response, na 
COCSWS123645, Live, HPEliteDesk800G1USDT 
COCSWS150619, Live, HPProBook650G1 
COCSWS019046, No response, na 
COCSWS122728, No response, na 
COCSWS123428, No response, na 
COCSWS123967, No response, na 
COCSWS101821, No response, na 
COCSWS101783, No response, na 
cocsws101236, No response, na 
cocsWS161354, Live, HPProBook650G2 
COCSWS160822, Live, HPEliteBookRevolve810G3 
cocsws122614, Live, Error 
COCSWS122619, Live, HPCompaqElite8300Ultra-SlimDesktop 
COCSWS122604, Live, HPCompaq8000EliteUSDTPC 
COCSWS122602, Live, HPCompaq8000EliteUSDTPC 
COCSWS122833, Live, HPCompaqElite8300USDT 
COCSWS122837, No response, na 
COCSWS122825, No response, na 
COCSWS122600, Live, Error 
COCSWS122597, Live, Error 
COCSWS113321, Live, HPCompaqElite8300USDT 
COCSWS641235, Live, HPProBook650G1 
COCSWS123835, Live, HPCompaq8000EliteUSDTPC 
COCSWS130352, Live, HPEliteDesk800G1USDT 
COCSWS130245, Live, Error 
COCSWS124374, Live, HPCompaq8200EliteUSDTPC 
cocsWS161311, No response, na 
cocsWS161310, No response, na 
cocsws641232, Live, HPProBook650G1 
cocsws641234, No response, na 
COCSWS130891, Live, HPCompaqdc7900SmallFormFactor 
COCSWS111902, No response, na 
COCSWS126464, Live, HPEliteBook820G3 
COCSWS125000, No response, na 
COCSWS124969, Live, HPCompaqElite8300USDT 
COCSWS123849, Live, HPCompaq8000EliteSFFPC 
COCSWS124646, No response, na 
COCSWS141359, No response, na 
cocsws113451, No response, na 
cocsws126673, No response, na 
COCSWS125446, No response, na 
cocsws141837, No response, na 
COCSWS130045, No response, na 
cocsws641233, Live, HPProBook650G1 
COCSWS131037, Live, HPCompaqdc7900SmallFormFactor 
COCSWS125138, No response, na 
COCSWS112633, Live, HPCompaq8000EliteSFFPC 
COCSWS125072, Live, HPCompaqdc7900SmallFormFactor 
COCSWS125120, Live, HPCompaqdc7800SmallFormFactor 
COCSWS124629, No response, na 
COCSWS141163, No response, na 
COCSWS124975, No response, na 
COCSWS113296, Live, HPCompaqdc7900SmallFormFactor 
COCSWS101722, Live, HPCompaqdc7900SmallFormFactor 
COCSWS124856, Live, HPCompaqElite8300USDT 
COCSWS124863, Live, HPCompaq8200EliteUSDTPC 
COCSWS124860, Live, HPCompaq8000EliteUSDTPC 
COCSWS124933, Live, HPCompaq8000EliteSFFPC 
COCSWS130282, Live, HPCompaq8000EliteUSDTPC 
COCSWS126676, Live, HPCompaqElite8300USDT 
COCSWS121442, Live, HPCompaq8000EliteUSDTPC 
COCSWS121443, Live, HPCompaq8000EliteUSDTPC 
COCSWS121451, Live, HPCompaq8000EliteUSDTPC 
COCSWS121446, Live, HPCompaq8000EliteUSDTPC 
COCSWS121455, Live, HPCompaq8000EliteUSDTPC 
COCSWS121444, Live, HPCompaq8000EliteUSDTPC 
COCSWS121445, Live, HPCompaq8000EliteUSDTPC 
COCSWS121631, Live, HPCompaq8000EliteUSDTPC 
COCSWS121630, Live, HPCompaq8000EliteUSDTPC 
COCSWS121629, Live, HPCompaq8000EliteUSDTPC 
COCSWS121628, Live, HPCompaq8000EliteUSDTPC 
COCSWS121643, Live, HPCompaq8000EliteUSDTPC 
COCSWS121642, Live, HPCompaq8000EliteUSDTPC 
COCSWS121645, Live, HPCompaq8000EliteUSDTPC 
COCSWS121644, Live, HPCompaq8000EliteUSDTPC 
COCSWS121635, Live, HPCompaq8000EliteUSDTPC 
COCSWS121634, Live, HPCompaq8000EliteUSDTPC 
COCSWS121633, Live, HPCompaq8000EliteUSDTPC 
COCSWS121632, Live, HPCompaq8000EliteUSDTPC 
COCSWS121647, Live, HPCompaq8000EliteUSDTPC 
COCSWS121646, Live, HPCompaq8000EliteUSDTPC 
COCSWS121637, Live, HPCompaq8000EliteUSDTPC 
COCSWS121649, Live, HPCompaq8000EliteUSDTPC 
COCSWS121648, Live, HPCompaq8000EliteUSDTPC 
COCSWS121454, Live, HPCompaq8000EliteUSDTPC 
COCSWS121452, Live, HPCompaq8000EliteUSDTPC 
COCSWS121636, Live, HPCompaq8000EliteUSDTPC 
COCSWS121651, Live, HPCompaq8000EliteUSDTPC 
COCSWS121650, Live, HPCompaq8000EliteUSDTPC 
COCSWS121653, Live, HPCompaq8000EliteUSDTPC 
COCSWS121652, Live, HPCompaq8000EliteUSDTPC 
COCSWS121447, Live, HPCompaq8000EliteUSDTPC 
COCSWS121441, Live, HPCompaq8000EliteUSDTPC 
COCSWS121657, Live, HPCompaq8000EliteUSDTPC 
COCSWS121656, Live, HPCompaq8000EliteUSDTPC 
COCSWS121655, Live, HPCompaq8000EliteUSDTPC 
COCSWS121654, Live, HPCompaq8000EliteUSDTPC 
COCSWS121437, No response, na 
COCSWS121450, Live, HPCompaq8000EliteUSDTPC 
COCSWS121453, Live, HPCompaq8000EliteUSDTPC 
COCSWS121448, Live, HPCompaq8000EliteUSDTPC 
COCSWS121449, Live, HPCompaq8000EliteUSDTPC 
COCSWS121659, Live, HPCompaq8000EliteUSDTPC 
COCSWS121658, Live, HPCompaq8000EliteUSDTPC 
COCSWS121661, Live, HPCompaq8000EliteUSDTPC 
COCSWS121660, Live, HPCompaq8000EliteUSDTPC 
COCSWS141420, No response, na 
COCSWS112748, No response, na 
COCSWS160832, No response, na 
COCSWS150448, Live, HPCompaq8200EliteUSDTPC 
COCSWS120062, Live, HPCompaq8000EliteUSDTPC 
COCSWS120051, Live, HPCompaq8000EliteUSDTPC 
COCSWS120050, No response, na 
COCSWS120041, Live, HPCompaq8000EliteUSDTPC 
COCSWS120044, No response, na 
COCSWS120042, Live, HPCompaq8200EliteUSDTPC 
COCSWS120047, Live, HPCompaq8000EliteUSDTPC 
COCSWS120049, Live, HPCompaq8000EliteUSDTPC 
COCSWS161293, No response, na 
COCSWS141344, Live, HPEliteDesk800G1USDT 
COCSWS123295, Live, HPCompaqdc7900SmallFormFactor 
COCSWS130052, Live, HPCompaq8000EliteUSDTPC 
COCSWS121703, Live, HPCompaq8200EliteUSDTPC 
COCSWS123122, Live, HPCompaq8000EliteUSDTPC 
COCSWS124911, Live, HPCompaq8000EliteUSDTPC 
COCSWS130171, Live, HPProBook6560b 
COCSWS160930, Live, HPEliteDesk800G1SFF 
COCSWS124870, Live, HPCompaqdc7900SmallFormFactor 
COCSWS113294, Live, HPCompaq8000EliteUSDTPC 
COCSWS124894, Live, HPCompaqdc7900SmallFormFactor 
COCSWS124926, Live, HPCompaq8200EliteUSDTPC 
COCSWS124944, No response, na 
COCSWS120651, Live, HPCompaq8000EliteUSDTPC 
COCSWS120207, Live, HPCompaq8000EliteUSDTPC 
COCSWS124942, Live, HPCompaq8000EliteUSDTPC 
cocsws130897, No response, na 
COCSWS120858, Live, HPCompaq8000EliteUSDTPC 
COCSWS113113, Live, HPCompaq8000EliteSFFPC 
COCSWS123119, Live, HPCompaq8000EliteUSDTPC 
COCSWS124935, Live, HPCompaq8000EliteUSDTPC 
COCSWS120671, Live, Error 
COCSWS120647, No response, na 
COCSWS113273, Live, Error 
COCSWS124940, Live, HPCompaq8000EliteSFFPC 
COCSWS124951, Live, HPCompaq8000EliteSFFPC 
COCSWS120664, Live, HPCompaq8200EliteUSDTPC 
COCSWS120669, Live, HPCompaq8000EliteSFFPC 
COCSWS124908, Live, HPCompaqElite8300USDT 
COCSWS130116, Live, HPCompaq8000EliteUSDTPC 
COCSWs120677, Live, HPCompaq8000EliteUSDTPC 
COCSWS124872, Live, HPCompaq8000EliteUSDTPC 
COCSWS113277, Live, HPCompaq8000EliteSFFPC 
COCSWS111947, Live, HPCompaq8000EliteUSDTPC 
COCSWS123096, Live, HPCompaqdc7900SmallFormFactor 
COCSWS124868, Live, HPCompaq8200EliteUSDTPC 
COCSWS124891, Live, HPCompaq8000EliteSFFPC 
COCSWS161160, Live, HPProBook650G1 
COCSWS161159, No response, na 
COCSWS161162, No response, na 
COCSWS130529, No response, na 
COCSWS122570, Live, HPCompaqElite8300USDT 
COCSWS130933, Live, HPEliteDesk800G1USDT 
COCSWS130997, Live, HPCompaq8000EliteUSDTPC 
COCSWS122584, Live, HPCompaq8000EliteSFFPC 
COCSWS141145, Live, HPCompaqElite8300USDT 
COCSWS101777, Live, HPCompaqdc7800SmallFormFactor 
COCSWS112407, Live, HPCompaq8000EliteUSDTPC 
COCSWS161240, Live, HPProBook650G1 
COCSWS161263, Live, HPEliteBook820G2 
COCSWS125421, No response, na 
COCSWS161272, Live, Error 
COCSWS130992, Live, HPProBook650G1 
COCSWS141330, No response, na 
COCSWS130311, No response, na 
COCSWS124772, Live, HPCompaqdc7800SmallFormFactor 
COCSWS141291, Live, HPEliteDesk800G1USDT 
COCSWS150158, No response, na 
COCSWS130063, Live, Error 
COCSWS112944, Live, HPCompaq8200EliteUSDTPC 
COCSWS130113, Live, HPCompaq8000EliteUSDTPC 
COCSWS124877, No response, na 
COCSWS123109, Live, HPCompaqdc7900SmallFormFactor 
COCSWS123127, No response, na 
COCSWS232820, Live, HPProBook6550b 
COCSWS124392, Live, HPEliteDesk800G1USDT 
COCSWS124391, Live, HPCompaqdc7800SmallFormFactor 
COCSWS124899, Live, HPCompaq8000EliteSFFPC 
COCSWS126102, No response, na 
COCSWS120303, Live, HPCompaq8000EliteUSDTPC 
COCSWS121506, Live, HPCompaq8000EliteUSDTPC 
COCSWS126697, Live, HPProBook6570b 
COCSWS161161, Live, HPProBook650G1 
COCSWS125445, Live, HPCompaq8200EliteUSDTPC 
COCSWS161138, Live, HPEliteBook820G2 
COCSWS161137, Live, HPEliteBook820G2 
COCSWS160819, Live, HPEliteBook820G2 
COCSWS126906, Live, HPProBook6560b 
COCSWS150404, Live, HPEliteBook820G1 
COCSWS126875, Live, HPProBook6570b 
cocsws126907, No response, na 
COCSWS150405, Live, HPEliteBook820G1 
COCSWS161060, Live, HPProBook650G1 
COCSWS124464, Live, HPEliteDesk800G1USDT 
COCSWS161198, Live, HPProBook650G1 
COCSWS161136, No response, na 
COCSWS161120, Live, HPProBook650G1 
COCSWS125669, Live, HPProBook6560b 
COCSWS124338, Live, HPCompaq8000EliteUSDTPC 
COCSWS141885, Live, HPEliteDesk800G1USDT 
COCSWS130384, Live, HPProBook6560b 
COCSWS161228, Live, HPProBook650G1 
COCSWS161205, Live, HPEliteBookRevolve810G3 
COCSWS161206, Live, HPEliteBookRevolve810G3 
COCSWS150006, Live, Error 
COCSWS161224, No response, na 
COCSWS161223, No response, na 
COCSWS130998, Live, HPCompaq8200EliteUltra-slimDesktop 
COCSWS124732, Live, HPCompaq8000EliteUSDTPC 
COCSWS161204, Live, HPEliteBookRevolve810G3 
COCSWS160821, Live, HPEliteBookRevolve810G3 
COCSWS123880, Live, HPCompaqElite8300USDT 
COCSWS161178, Live, HPEliteBookRevolve810G3 
COCSWS150233, Live, HPEliteBook820G2 
cocsws123323, No response, na 
COCSWS130242, Live, HPCompaq8000EliteUSDTPC 
COCSWS124737, No response, na 
COCSWS161176, No response, na 
COCSWS130970, No response, na 
COCSWS122292, Live, HPCompaq8000EliteSFFPC 
COCSWS124954, Live, HPCompaq8200EliteUSDTPC 
COCSWS124904, Live, HPCompaq8000EliteUSDTPC 
COCSWS124947, Live, HPCompaq8000EliteUSDTPC 
COCSWS112784, Live, HPCompaq8000EliteUSDTPC 
COCSWS112582, Live, HPCompaq8000EliteUSDTPC 
COCSWS124869, No response, na 
COCSWS124928, Live, HPEliteDesk800G1DM 
COCSWS113452, Live, HPCompaq8000EliteUSDTPC 
COCSWS124930, Live, HPCompaq8000EliteUSDTPC 
COCSWS120673, Live, HPCompaq8000EliteUSDTPC 
cocsws112803, Live, HPCompaqElite8300USDT 
COCSWS124958, Live, HPCompaq8200EliteUSDTPC 
COCSWS124874, Live, HPCompaq8000EliteUSDTPC 
COCSWS124919, Live, HPCompaqdc7900SmallFormFactor 
COCSWS124905, Live, HPCompaqElite8300USDT 
COCSWS124867, Live, HPCompaq8000EliteUSDTPC 
COCSWS126510, Live, HPCompaq8200EliteUSDTPC 
COCSWS150237, Live, HPEliteDesk800G1USDT 
cocsws127121, No response, na 
COCSWS124916, Live, HPCompaq8200EliteUSDTPC 
COCSWS124882, Live, HPCompaqdc7900SmallFormFactor 
COCSWS113297, Live, HPCompaq8000EliteUSDTPC 
COCSWS124885, Live, HPCompaq8000EliteUSDTPC 
COCSWS125218, Live, HPCompaq8000EliteUSDTPC 
COCSWS122279, No response, na 
COCSWS161188, Live, Error 
COCSWS150334, Live, HPEliteDesk800G1USDT 
COCSWS125422, Live, HPCompaqdc7900SmallFormFactor 
COCSWS160780, Live, HPEliteDesk800G1USDT 
COCSWS120142, Live, HPCompaq8000EliteUSDTPC 
COCSWS141853, Live, HPEliteDesk800G1USDT 
COCSWS161185, Live, HPEliteBook820G2 
COCSWS150217, Live, HPEliteDesk800G1USDT 
COCSWS122353, Live, HpCompaq8200EliteUltraslimDesktop 
cocsws122677, Live, HPProBook650G1 
COCSWS130457, Live, HPProBook6570b 
COCSWS124941, Live, HPCompaq8000EliteUSDTPC 
COCSWS130455, Live, HPProBook6570b 
COCSWS130107, Live, HPProBook6560b 
COCSWS123553, Live, HPCompaqdc7900SmallFormFactor 
COCSWS123427, No response, na 
COCSWS124826, Live, HPCompaq8000EliteSFFPC 
COCSWS124824, Live, HPCompaqElite8300USDT 
COCSWS111871, Live, HPCompaqElite8300USDT 
COCSWS123432, No response, na 
COCSWS161165, Live, Error 
COCSWS130443, Live, HPCompaq8000EliteUSDTPC 
COCSWS122455, Live, HPCompaqdc7900SmallFormFactor 
COCSWS130034, Live, Error 
COCSWS161158, Live, HPEliteDesk800G1DM 
COCSWS123975, Live, HPCompaqdc7900SmallFormFactor 
COCSWS124100, No response, na 
COCSWS124054, Live, HPCompaq8000EliteUSDTPC 
COCSWS130051, Live, HPCompaqElite8300USDT 
COCSWS123769, No response, na 
COCSWS124088, Live, HPCompaqdc7900SmallFormFactor 
COCSWS123971, Live, HPCompaqdc7900SmallFormFactor 
COCSWS113372, Live, HPCompaq8000EliteSFFPC 
COCSWS123983, Live, HPCompaqdc7900SmallFormFactor 
cocsws161157, No response, na 
COCSWS124188, Live, HPEliteDesk800G1USDT 
COCSWS124232, Live, HPEliteDesk800G1USDT 
COCSWS101746, Live, HPCompaqdc7900SmallFormFactor 
COCSWS130053, Live, HPCompaq8000EliteUSDTPC 
COCSWS124182, Live, HPCompaqdc7900SmallFormFactor 
COCSWS130050, Live, HPCompaq8000EliteUSDTPC 
COCSWS130049, Live, HPCompaq8000EliteUSDTPC 
COCSWS124192, Live, HPCompaqdc7900SmallFormFactor 
COCSWS161142, No response, na 
COCSWS161143, No response, na 
COCSWS122771, Live, HPEliteDesk800G1USDT 
COCSWS112588, Live, HPCompaq8000EliteSFFPC 
cocsws111876, Live, HPEliteDesk800G1USDT 
COCSWS161152, No response, na 
COCSWS123591, Live, HPEliteDesk800G1USDT 
COCSWS126896, No response, na 
COCSWS126672, Live, HPProBook6570b 
COCSWS137127, Live, HPEliteBook2560p 
COCSWS160777, Live, Error 
COCSWS123611, Live, HPEliteDesk800G1DM 
COCSWS112707, Live, HPCompaq8000EliteUSDTPC 
COCSWS124914, Live, HPCompaqdc7900SmallFormFactor 
COCSWS124906, Live, HPCompaq8200EliteUSDTPC 
COCSWS125146, Live, HPCompaq8000EliteUSDTPC 
COCSWS124903, No response, na 
COCSWS113520, Live, HPCompaq8000EliteUSDTPC 
COCSWS124939, Live, HPCompaqdc7900SmallFormFactor 
COCSWS124948, No response, na 
COCSWS120472, Live, HPCompaq8000EliteUSDTPC 
COCSWS113512, Live, HPCompaq8200EliteUSDTPC 
COCSWS124907, No response, na 
COCSWS122386, Live, HPCompaq8000EliteSFFPC 
COCSWS120108, Live, HPCompaq8000EliteUSDTPC 
COCSWS122452, Live, HPCompaqdc7900SmallFormFactor 
COCSWS122406, No response, na 
COCSWS122420, Live, HPEliteDesk800G1USDT 
COCSWS122950, Live, HPCompaqdc7800SmallFormFactor 
COCSWS124580, Live, HPCompaqdc7900SmallFormFactor 
COCSWS141144, Live, HPCompaq8200EliteUSDTPC 
COCSWS125167, Live, HPCompaqElite8300USDT 
COCSWS125390, Live, HPCompaqdc7800SmallFormFactor 
COCSWS113271, No response, na 
COCSWS112835, Live, HPCompaq8000EliteUSDTPC 
COCSWS112995, Live, HPProBook6550b 
COCSWS101818, Live, HPCompaqdc7900SmallFormFactor 
COCSWS122443, Live, HPCompaqdc7900SmallFormFactor 
COCSWS122426, No response, na 
COCSWS101819, Live, HPCompaq8000EliteSFFPC 
COCSWS130144, No response, na 
COCSWS124604, Live, HPEliteDesk800G1USDT 
COCSWS101810, Live, HPCompaq8000EliteUSDTPC 
COCSWS122403, No response, na 
COCSWS112755, Live, HPCompaq8000EliteUSDTPC 
COCSWS120464, Live, HPCompaqdc7800SmallFormFactor 
COCSWS111846, Live, HPCompaq8000EliteSFFPC 
COCSWS124195, Live, HPEliteDesk800G1USDT 
COCSWS160928, Live, HPEliteDesk800G1SFF 
COCSWS161128, No response, na 
COCSWS126129, Live, HPCompaq8000EliteSFFPC 
COCSWS122342, Live, HPCompaqdc7900SmallFormFactor 
COCSWS122358, Live, HPCompaqdc7900SmallFormFactor 
COCSWS123560, Live, HPCompaqdc7900SmallFormFactor 
COCSWS112632, Live, HPCompaq8000EliteUSDTPC 
COCSWS126786, Live, HPCompaq8000EliteUSDTPC 
COCSWS126796, No response, na 
COCSWS122265, No response, na 
COCSWS125302, No response, na 
COCSWS112299, Live, HPCompaq8000EliteSFFPC 
COCSWS123510, Live, HPCompaq8000EliteUSDTPC 
COCSWS160726, Live, HPEliteDesk800G1USDT 
COCSWS122372, No response, na 
COCSWS123059, Live, HPCompaq8000EliteUSDTPC 
COCSWS122369, No response, na 
COCSWS113201, No response, na 
COCSWS112942, Live, HPEliteDesk800G1USDT 
COCSWS122286, Live, HPCompaqdc7900SmallFormFactor 
COCSWS113468, Live, HPCompaq6730b(AY919US#ABA) 
cocsws124540, Live, HPProBook6570b 
COCSWS161125, Live, HPEliteDesk800G1DM 
COCSWS161124, No response, na 
COCSWS161123, No response, na 
COCSWS161122, No response, na 
COCSWS161121, No response, na 
COCSWS161118, No response, na 
COCSWS126518, No response, na 
COCSWS112952, Live, HPCompaq8000EliteUSDTPC 
COCSWS161119, No response, na 
COCSWS122638, No response, na 
COCSWS124265, Live, HPCompaqElite8300USDT 
COCSWS125394, No response, na 
COCSWS161115, No response, na 
COCSWS161116, Live, HPEliteBookRevolve810G3 
COCSWS124412, Live, HPEliteDesk800G1DM 
COCSWS161113, No response, na 
COCSWS161112, Live, HPEliteDesk800G1USDT 
COCSWS123610, Live, HPCompaqdc7900SmallFormFactor 
COCSWS161062, Live, Error 
COCSWS150616, No response, na 
COCSWS161063, Live, HPProBook650G1 
COCSWS120040, Live, HPCompaq8000EliteUSDTPC 
COCSWS120848, Live, HPCompaq8000EliteUSDTPC 
COCSWS120849, No response, na 
COCSWS120851, No response, na 
COCSWS120847, No response, na 
COCSWS121482, Live, HPCompaq8000EliteUSDTPC 
COCSWS121489, Live, HPCompaq8000EliteUSDTPC 
COCSWS120845, No response, na 
COCSWS121481, No response, na 
COCSWS121498, Live, HPCompaq8000EliteUSDTPC 
COCSWS121499, Live, HPCompaq8000EliteUSDTPC 
COCSWS121496, Live, HPCompaq8000EliteUSDTPC 
COCSWS121497, Live, HPCompaq8000EliteUSDTPC 
COCSWS121490, Live, HPCompaq8000EliteUSDTPC 
COCSWS121488, No response, na 
COCSWS121491, Live, HPCompaq8000EliteUSDTPC 
COCSWS120841, Live, HPCompaq8000EliteUSDTPC 
COCSWS120823, Live, HPEliteDesk800G1USDT 
COCSWS121483, Live, HPCompaq8000EliteUSDTPC 
COCSWS121492, Live, HPCompaq8000EliteUSDTPC 
COCSWS121493, Live, HPCompaq8000EliteUSDTPC 
COCSWS120835, Live, HPCompaq8200EliteUSDTPC 
COCSWS120833, Live, HPCompaq8200EliteUSDTPC 
COCSWS120832, Live, HPCompaq8000EliteUSDTPC 
COCSWS120830, No response, na 
COCSWS120828, Live, HPCompaq8000EliteUSDTPC 
COCSWS120826, Live, HPCompaq8000EliteUSDTPC 
COCSWS120822, Live, HPCompaq8000EliteUSDTPC 
COCSWS121480, Live, HPCompaq8000EliteUSDTPC 
COCSWS121495, Live, HPCompaq8000EliteUSDTPC 
COCSWS121494, Live, HPCompaq8000EliteUSDTPC 
COCSWS123891, No response, na 
COCSWS120134, No response, na 
COCSWS161108, Live, HPEliteDesk800G1DM 
COCSWS161107, Live, HPEliteDesk800G1DM 
COCSWS161106, Live, HPEliteDesk800G1DM 
COCSWS161104, Live, HPEliteDesk800G1DM 
COCSWS161103, Live, HPEliteDesk800G1DM 
COCSWS120824, No response, na 
COCSWS120850, Live, HPCompaq8000EliteUSDTPC 
COCSWS120846, No response, na 
COCSWS120844, No response, na 
COCSWS120829, Live, HPCompaq8000EliteUSDTPC 
COCSWS120843, Live, HPCompaq8000EliteUSDTPC 
COCSWS120840, Live, HPCompaq8000EliteUSDTPC 
COCSWS120842, No response, na 
COCSWS120839, Live, HPCompaq8200EliteUSDTPC 
COCSWS120838, No response, na 
COCSWS120837, No response, na 
COCSWS120836, No response, na 
COCSWS120831, Live, HPEliteDesk800G1USDT 
COCSWS120834, No response, na 
COCSWS120825, Live, HPEliteDesk800G1USDT 
COCSWS120827, Live, HPEliteDesk800G1USDT 
COCSWS161095, No response, na 
COCSWS161061, Live, HPEliteBookRevolve810G3 
COCSWS112358, No response, na 
COCSWS113200, Live, HPCompaq8000EliteSFFPC 
COCSWS122807, No response, na 
COCSWS141679, Live, HPCompaqdc7900SmallFormFactor 
COCSWS113486, Live, HPCompaq8000EliteUSDTPC 
COCSWS125213, Live, HPCompaqdc7900SmallFormFactor 
COCSWS125263, Live, HPCompaq8000EliteUSDTPC 
COCSWS125291, Live, HPCompaqdc7900SmallFormFactor 
COCSWS112514, Live, HPCompaq8000EliteSFFPC 
COCSWS141720, No response, na 
COCSWS161056, No response, na 
COCSWS124834, No response, na 
COCSWS141619, Live, HPProBook6570b 
COCSWS125328, Live, HPEliteDesk800G1DM 
COCSWS124515, No response, na 
COCSWS124643, Live, HPCompaq8000EliteUSDTPC 
COCSWS121189, Live, HPProBook6570b 
COCSWS112108, Live, Error 
COCSWS112074, Live, HPCompaq8000EliteUSDTPC 
COCSWS126750, Live, HPEliteDesk800G1USDT 
COCSWS160725, Live, HPEliteDesk800G1USDT 
COCSWS122489, Live, HPCompaq8000EliteSFFPC 
COCSWS122487, Live, HPCompaq8000EliteSFFPC 
COCSWS120763, Live, HPCompaq8000EliteUSDTPC 
COCSWS120110, No response, na 
COCSWS161002, Live, HPEliteDesk800G1DM 
COCSWS112519, No response, na 
COCSWS125172, Live, HPCompaqdc7900SmallFormFactor 
COCSWS120666, Live, HPCompaq8000EliteUSDTPC 
COCSWS121121, Live, HPCompaq8000EliteUSDTPC 
COCSWS121111, Live, HPCompaq8000EliteUSDTPC 
COCSWS121663, Live, HPCompaq8000EliteUSDTPC 
COCSWS121664, Live, HPCompaq8000EliteUSDTPC 
COCSWS130251, Live, HPCompaq8200EliteUSDTPC 
COCSWS160670, Live, HPProBook650G1 
COCSWS161003, Live, HPEliteBookRevolve810G3 
COCSWS124449, Live, HPEliteDesk800G1USDT 
COCSWS161007, Live, HPEliteDesk800G1DM 
COCSWS141989, No response, na 
COCSWS160995, Live, HPEliteDesk800G1DM 
COCSWS141789, Live, HPCompaq8000EliteUSDTPC 
COCSWS113016, Live, HPCompaq8000EliteUSDTPC 
COCSWS113216, Live, HPCompaq8200EliteUltraSlimDesktop 
COCSWS130976, Live, HPCompaq8000EliteUSDTPC 
COCSWS112353, Live, HPCompaq8000EliteUSDTPC 
COCSWS150231, Live, HPCompaqdc7800SmallFormFactor 
COCSWS124489, Live, HPEliteDesk800G1USDT 
COCSWS130948, Live, HPCompaq8000EliteUltraslimDesktop 
COCSWS125543, Live, HPCompaq8000EliteUSDTPC 
cocsws130954, Live, HPCompaq8000EliteUSDTPC 
COCSWS122430, Live, HPCompaq8000EliteUSDTPC 
COCSWS122470, Live, HPCompaq8000EliteSFFPC 
COCSWS141917, Live, HPEliteDesk800G1USDT 
cocsws111904, Live, HPCompaq8000EliteUSDTPC 
COCSWS130608, Live, HPCompaq8200EliteUSDTPC 
COCSWS160991, No response, na 
COCSWS160990, No response, na 
COCSWS160993, Live, HPEliteDesk800G1DM 
COCSWS123594, Live, HPEliteDesk800G1USDT 
COCSWS123703, No response, na 
COCSWS125374, Live, HPEliteDesk800G1DM 
COCSWS124838, Live, HPCompaqdc7800SmallFormFactor 
COCSWS160983, Live, HPEliteBook820G2 
COCSWS160977, Live, HPEliteDesk800G1DM 
COCSWS125683, Live, HPCompaqElite8300USDT 
COCSWS160963, Live, HPEliteDesk800G1DM 
COCSWS126746, Live, Error 
COCSWS141424, Live, Error 
COCSWS123066, No response, na 
COCSWS141421, No response, na 
cocsws126932, Live, Error 
COCSWS126934, Live, Error 
COCSWS141422, No response, na 
COCSWS124631, No response, na 
COCSWS124994, Live, HPCompaq8000EliteUSDTPC 
COCSWS124983, Live, HPEliteDesk800G1USDT 
COCSWS130354, Live, HPCompaqElite8300USDT 
COCSWS160771, Live, HPProBook650G1 
COCSWS123482, Live, HPEliteDesk800G1USDT 
COCSWS130431, No response, na 
COCSWS124837, Live, HPCompaq8200EliteUSDTPC 
COCSWS141639, No response, na 
COCSWS113189, No response, na 
COCSWS125670, Live, HPProBook6560b 
COCSWS122437, Live, HPEliteDesk800G1USDT 
COCSWS130956, Live, HPProBook6570b 
COCSWS150096, No response, na 
cocsWS160949, No response, na 
cocsWS160948, Live, Error 
cocsWS160947, No response, na 
cocsWS160946, No response, na 
cocsWS160945, No response, na 
cocsWS160944, Live, HPProBook6560b 
cocsWS160943, Live, HPEliteBook2740p 
cocsWS160942, No response, na 
cocsWS160941, No response, na 
cocsWS160940, No response, na 
cocsWS160939, No response, na 
cocsWS160938, Live, HPEliteBook2740p 
cocsWS160937, No response, na 
COCSWS112741, Live, HPCompaq8000EliteUSDTPC 
COCSWS124410, No response, na 
cocsws124970, Live, HPProBook6550b 
COCSWS112094, No response, na 
COCSWS160820, No response, na 
COCSWS150157, No response, na 
COCSWS125438, No response, na 
COCSWS126745, No response, na 
COCSWS126935, No response, na 
COCSWS141423, No response, na 
COCSWS160818, Live, HPEliteBook820G2 
COCSWS126933, No response, na 
COCSWS130371, Live, HPCompaq8200EliteUSDTPC 
cocsws124788, Live, HPCompaqElite8300USDT 
COCSWS131006, Live, HPCompaq8000EliteUSDTPC 
COCSWS120703, Live, HPCompaqElite8300USDT 
COCSWS130381, Live, HPCompaq8200EliteUSDTPC 
COCSWS122282, Live, HPCompaq8000EliteUSDTPC 
cocsws120637, Live, HPCompaq8000EliteUSDTPC 
COCSWS130963, No response, na 
COCSWS122312, Live, HPCompaqElite8300USDT 
COCSWS160913, Live, HPEliteDesk800G1SFF 
COCSWS150332, Live, HPEliteDesk800G1USDT 
COCSWS160703, Live, HPEliteDesk800G1USDT 
COCSWS160707, Live, HPEliteDesk800G1USDT 
COCSWS160704, Live, HPEliteDesk800G1USDT 
COCSWS160716, Live, HPEliteDesk800G1USDT 
COCSWS150213, Live, HPEliteDesk800G1USDT 
COCSWS150331, Live, HPEliteDesk800G1USDT 
COCSWS150330, Live, HPEliteDesk800G1USDT 
COCSWS150215, Live, HPEliteDesk800G1USDT 
COCSWS160710, Live, HPEliteDesk800G1USDT 
COCSWS160715, Live, HPEliteDesk800G1USDT 
COCSWS150333, No response, na 
COCSWS150221, No response, na 
COCSWS150222, Live, HPCompaqElite8300USDT 
COCSWS113069, No response, na 
COCSWS150220, Live, HPEliteDesk800G1USDT 
COCSWS150219, Live, HPEliteDesk800G1USDT 
COCSWS160717, Live, HPEliteDesk800G1USDT 
COCSWS160705, Live, HPEliteDesk800G1USDT 
COCSWS160701, No response, na 
COCSWS160714, Live, HPEliteDesk800G1USDT 
COCSWS150214, Live, HPEliteDesk800G1USDT 
COCSWS160718, No response, na 
COCSWS160706, No response, na 
COCSWS141638, Live, HPEliteDesk800G1USDT 
COCSWS124825, Live, HPCompaq8000EliteUSDTPC 
COCSWS160914, Live, HPEliteDesk800G1DM 
COCSWS160917, Live, HPEliteDesk800G1USDT 
COCSWS124398, No response, na 
COCSWS130991, No response, na 
COCSWS160817, No response, na 
COCSWS160911, No response, na 
cocsWS160908, Live, Error 
cocsWS160907, Live, HPProBook6560b 
COCSWS122545, No response, na 
COCSWS112036, No response, na 
COCSWS160831, No response, na 
COCSWS160834, No response, na 
COCSWS160833, No response, na 
COCSWS160896, Live, HPProBook650G1 
COCSWS123968, Live, HPCompaqElite8300USDT 
COCSWS160838, Live, HPEliteDesk800G1USDT 
COCSWS160895, No response, na 
COCSWS160894, No response, na 
COCSWS160893, No response, na 
COCSWS160837, No response, na 
COCSWS160786, Live, Error 
COCSWS141618, Live, HPProBook6570b 
COCSWS160825, No response, na 
COCSWS123631, No response, na 
COCSWS120665, No response, na 
COCSWS160823, No response, na 
COCSWS160778, Live, Error 
COCSWS160776, No response, na 
COCSWS160775, No response, na 
COCSWS126952, No response, na 
COCSWS126953, Live, HPEliteDesk800G1USDT 
COCSWS112704, Live, HPCompaq8000EliteUSDTPC 
cocsws112194, Live, HPEliteDesk800G1USDT 
COCSWS124089, Live, HPEliteDesk800G1USDT 
COCSWS124235, Live, HPCompaqdc7900SmallFormFactor 
COCSWS160781, No response, na 
COCSWS160779, No response, na 
COCSWS150552, Live, HPEliteDesk800G1USDT 
COCSWS150551, Live, HPEliteDesk800G1USDT 
COCSWS150550, Live, HPEliteDesk800G1USDT 
COCSWS150547, Live, HPEliteDesk800G1USDT 
COCSWS150548, Live, HPEliteDesk800G1USDT 
COCSWS150549, Live, HPEliteDesk800G1USDT 
COCSWS150546, Live, HPEliteDesk800G1USDT 
COCSWS150545, Live, HPEliteDesk800G1USDT 
COCSWS160724, Live, HPEliteDesk800G1USDT 
COCSWS130470, Live, HPCompaq8000EliteUSDTPC 
COCSWS124897, Live, HPCompaq8000EliteUSDTPC 
COCSWS124920, Live, HPCompaq8000EliteUSDTPC 
COCSWS122750, Live, HPCompaq8200EliteUSDTPC 
COCSWS122747, Live, HPCompaq8000EliteUSDTPC 
COCSWS122753, Live, HPCompaq8000EliteUSDTPC 
COCSWS122763, Live, HPCompaq8200EliteUSDTPC 
COCSWS122744, Live, HPCompaqElite8300USDT 
COCSWS122757, Live, HPCompaqElite8300USDT 
COCSWS130595, Live, HPCompaq8200EliteUSDTPC 
COCSWS130586, Live, HPCompaq8000EliteUSDTPC 
COCSWS130588, Live, HPCompaq8000EliteUSDTPC 
COCSWS130592, Live, HPCompaq8000EliteUSDTPC 
COCSWS130590, Live, HPCompaq8000EliteUSDTPC 
COCSWS130591, Live, HPCompaq8000EliteUSDTPC 
COCSWS130593, Live, HPCompaq8000EliteUSDTPC 
COCSWS130589, Live, HPCompaq8000EliteUSDTPC 
COCSWS130587, Live, HPCompaq8000EliteUSDTPC 
COCSWS130594, Live, HPCompaq8000EliteUSDTPC 
COCSWS160762, No response, na 
cocsws112265, No response, na 
COCSWS112244, Live, HPCompaq8000EliteUSDTPC 
COCSWS130575, Live, HPCompaqdc7900SmallFormFactor 
COCSWS125151, Live, HPCompaqdc7900SmallFormFactor 
COCSWS130577, Live, HPCompaqdc7900SmallFormFactor 
COCSWS160728, Live, HPEliteDesk800G1USDT 
COCSWS160729, No response, na 
COCSWS160752, Live, Error 
COCSWS160668, Live, HPProBook650G1 
COCSWS160664, Live, HPProBook650G1 
COCSWS160665, Live, HPProBook650G1 
COCSWS160669, Live, HPProBook650G1 
COCSWS160667, Live, HPProBook650G1 
COCSWS160666, Live, HPProBook650G1 
COCSWS125245, Live, HPEliteDesk800G1USDT 
COCSWS130510, Live, HPCompaq8200EliteUSDTPC 
COCSWS123078, No response, na 
COCSWS123542, Live, HPCompaq8000EliteUSDTPC 
COCSWS141990, No response, na 
COCSWS141065, No response, na 
COCSWS150418, Live, HPCompaqElite8300USDT 
cocsws126799, Live, HPCompaq8200EliteUSDTPC 
COCSWS126388, Live, HPCompaq8000EliteSFFPC 
COCSWS130508, No response, na 
COCSWS127099, No response, na 
cocsws126669, Live, HPProBook6560b 
COCSWS124504, No response, na 
COCSWS130059, No response, na 
COCSWS160723, Live, HPCompaqElite8300USDT 
COCSWS160722, Live, Error 
COCSWS122317, Live, HPCompaqElite8300USDT 
COCSWS160663, Live, HPEliteDesk800G1USDT 
COCSWS121074, Live, HPCompaq8000EliteUSDTPC 
COCSWS121674, Live, HPCompaq8000EliteUSDTPC 
COCSWS150544, No response, na 
COCSWS150543, Live, HPEliteDesk800G1USDT 
COCSWS150542, Live, HPEliteDesk800G1USDT 
COCSWS150541, Live, HPEliteDesk800G1USDT 
COCSWS150540, Live, HPEliteDesk800G1USDT 
COCSWS150538, Live, HPEliteDesk800G1USDT 
COCSWS150539, Live, HPEliteDesk800G1USDT 
COCSWS150537, Live, HPEliteDesk800G1USDT 
COCSWS150536, Live, HPEliteDesk800G1USDT 
COCSWS150535, Live, HPEliteDesk800G1USDT 
COCSWS150534, Live, HPEliteDesk800G1USDT 
COCSWS150533, Live, HPEliteDesk800G1USDT 
COCSWS150532, Live, HPEliteDesk800G1USDT 
COCSWS150531, Live, HPEliteDesk800G1USDT 
COCSWS125039, Live, HPCompaqdc7900SmallFormFactor 
COCSWS150553, Live, HPEliteDesk800G1USDT 
COCSWS150654, Live, HPEliteDesk800G1USDT 
COCSWS150656, Live, HPEliteDesk800G1USDT 
COCSWS150655, Live, HPEliteDesk800G1USDT 
cocsws132033, Live, HPCompaqdc7900SmallFormFactor 
cocsws132032, Live, HPCompaq8000EliteSFFPC 
cocsws132031, Live, HPCompaqdc7900SmallFormFactor 
cocsws132028, No response, na 
cocsws13227, No response, na 
cocsws132026, Live, HPCompaqdc7900SmallFormFactor 
cocsws132030, Live, HPCompaqdc7800SmallFormFactor 
cocsws132029, Live, HPCompaq8000EliteSFFPC 
cocsws132025, Live, Error 
cocsws132023, No response, na 
cocsws132022, Live, HPCompaqdc7800SmallFormFactor 
cocsws132021, Live, HPCompaqdc7800SmallFormFactor 
cocsws132020, Live, HPCompaqdc7800SmallFormFactor 
cocsws132002, Live, HPCompaqdc7800SmallFormFactor 
cocsws132019, Live, HPCompaqdc7800SmallFormFactor 
cocsws132018, Live, HPCompaqdc7800SmallFormFactor 
cocsws132017, Live, HPCompaq8000EliteSFFPC 
cocsws132016, Live, HPCompaq8000EliteSFFPC 
cocsws132015, Live, HPCompaq8000EliteSFFPC 
cocsws132013, Live, HPCompaqdc7900SmallFormFactor 
cocsws132012, Live, HPCompaqdc7900SmallFormFactor 
COCSWS13211, No response, na 
COCSWS132010, Live, HPCompaqdc7900SmallFormFactor 
COCSWS132009, Live, HPCompaq8000EliteSFFPC 
cocsws132007, Live, HPCompaqdc7900SmallFormFactor 
cocsws132008, Live, HPCompaq8000EliteSFFPC 
COCSWS120109, Live, HPCompaq8000EliteSFFPC 
cocsws132005, Live, HPCompaqdc7900SmallFormFactor 
cocsws132004, Live, HPCompaqdc7900SmallFormFactor 
cocsws132003, Live, HPCompaqdc7900SmallFormFactor 
cocsws132001, Live, HPCompaq8000EliteSFFPC 
cocsws132024, Live, HPCompaqdc7900SmallFormFactor 
COCSWS121487, Live, HPCompaq8000EliteUSDTPC 
COCSWS121486, Live, HPCompaq8000EliteUSDTPC 
COCSWS121485, Live, HPCompaq8000EliteUSDTPC 
COCSWS121484, Live, HPCompaq8000EliteUSDTPC 
COCSWS121230, Live, HPCompaq8000EliteUSDTPC 
COCSWS121229, Live, HPCompaq8000EliteUSDTPC 
COCSWS121227, Live, HPCompaq8000EliteUSDTPC 
COCSWS121224, Live, HPCompaq8000EliteUSDTPC 
COCSWS121223, Live, HPCompaq8000EliteUSDTPC 
COCSWS121221, Live, HPCompaq8000EliteUSDTPC 
COCSWS121218, Live, HPCompaq8000EliteUSDTPC 
COCSWS121217, Live, HPCompaq8000EliteUSDTPC 
COCSWS121215, Live, HPCompaq8000EliteUSDTPC 
COCSWS121212, Live, HPCompaq8000EliteUSDTPC 
COCSWS121211, Live, HPCompaq8000EliteUSDTPC 
COCSWS141792, Live, HPCompaq8000EliteUSDTPC 
COCSWS121182, Live, HPCompaq8000EliteUSDTPC 
COCSWS121181, Live, HPCompaq8000EliteUSDTPC 
COCSWS121180, Live, HPCompaq8000EliteUSDTPC 
COCSWS121179, Live, HPCompaq8000EliteUSDTPC 
COCSWS121178, Live, HPCompaq8000EliteUSDTPC 
COCSWS121177, Live, HPCompaq8000EliteUSDTPC 
COCSWS121176, Live, Error 
COCSWS121175, Live, HPCompaq8000EliteUSDTPC 
COCSWS121174, No response, na 
COCSWS121173, Live, HPCompaq8000EliteUSDTPC 
COCSWS121172, Live, HPCompaq8000EliteUSDTPC 
COCSWS121171, Live, HPCompaq8000EliteUSDTPC 
COCSWS121170, Live, HPCompaq8000EliteUSDTPC 
COCSWS121169, Live, HPCompaq8000EliteUSDTPC 
COCSWS121168, Live, HPCompaq8000EliteUSDTPC 
COCSWS121167, Live, HPCompaq8000EliteUSDTPC 
COCSWS121166, Live, HPCompaq8000EliteUSDTPC 
COCSWS121165, Live, HPCompaq8000EliteUSDTPC 
COCSWS121164, Live, HPCompaq8000EliteUSDTPC 
COCSWS121163, Live, HPCompaq8000EliteUSDTPC 
COCSWS121162, Live, HPCompaq8000EliteUSDTPC 
cocsws126668, Live, HPProBook6560b 
COCSWS112090, Live, HPCompaqElite8300USDT 
COCSWS123506, Live, HPCompaq8000EliteSFFPC 
COCSWS150623, Live, HPEliteDesk800G1USDT 
COCSWS131032, No response, na 
COCSWS125163, Live, HPCompaq8200EliteUSDTPC 
COCSWS150618, No response, na 
COCSWS150617, Live, HPProBook650G1 
COCSWS125170, Live, HPCompaq8000EliteSFFPC 
COCSWS150615, Live, HPProBook650G1 
COCSWS113039, Live, HPCompaq8000EliteSFFPC 
cocsws126864, Live, HPCompaq8000EliteSFFPC 
COCSWS113190, Live, HPCompaq8000EliteSFFPC 
cocsws141152, Live, HPCompaq8200EliteUSDTPC 
COCSWS126675, Live, HPCompaqdc7900SmallFormFactor 
COCSWS120140, Live, HPCompaq8000EliteUSDTPC 
cocsws122336, Live, HPProBook6560b 
COCSWS150608, Live, HPEliteDesk800G1USDT 
COCSWS120470, Live, HPProBook6570b 
COCSWS127046, No response, na 
COCSWS150596, No response, na 
COCSWS150581, No response, na 
COCSWS150572, Live, HPEliteDesk800G1USDT 
COCSWS130158, Live, HPEliteDesk800G1USDT 
cocsws122800, Live, HPEliteDesk800G1USDT 
COCSWS150555, Live, HPCompaqElite8300USDT 
COCSWS130474, Live, HPEliteDesk800G1USDT 
COCSWS123889, Live, HPProBook6560b 
COCSWS125709, Live, HPProBook6560b 
COCSWS141984, Live, HPProBook650G1 
COCSWS141790, Live, HPCompaqElite8300USDT 
COCSWS141788, No response, na 
cocsws112201, No response, na 
COCSWS130456, Live, HPProBook6570b 
cocsws122498, No response, na 
COCSWS123751, No response, na 
COCSWS111903, Live, HPCompaqdc7900SmallFormFactor 
COCSWS141915, Live, HPEliteDesk800G1USDT 
COCSWS121420, Live, HPCompaq8000EliteUSDTPC 
COCSWS141914, Live, HPEliteDesk800G1USDT 
COCSWS141664, Live, HPEliteDesk800G1USDT 
COCSWS150503, Live, HPEliteDesk800G1USDT 
COCSWS123032, Live, HPCompaqdc7900SmallFormFactor 
COCSWS150482, No response, na 
COCSWS130543, Live, HPCompaq8000EliteSFFPC 
COCSWS130542, Live, HPCompaq8000EliteSFFPC 
COCSWS130549, Live, HPCompaq8000EliteUSDTPC 
COCSWS130546, Live, HPCompaq8000EliteUSDTPC 
COCSWS130547, Live, HPCompaq8000EliteSFFPC 
COCSWS130548, Live, HPCompaq8000EliteUSDTPC 
COCSWS130544, Live, HPCompaq8200EliteUSDTPC 
COCSWS141880, Live, HPEliteDesk800G1USDT 
COCSWS130545, Live, HPCompaq8000EliteUSDTPC 
COCSWS141879, Live, HPEliteDesk800G1USDT 
COCSWS130539, Live, HPCompaq8000EliteSFFPC 
COCSWS130541, Live, HPCompaq8000EliteUSDTPC 
COCSWS141881, Live, HPEliteDesk800G1USDT 
COCSWS130558, Live, HPCompaq8000EliteUSDTPC 
COCSWS130559, Live, HPCompaq8000EliteSFFPC 
COCSWS130550, Live, HPCompaq8000EliteUSDTPC 
COCSWS130551, Live, HPCompaq8000EliteUSDTPC 
COCSWS130552, Live, HPCompaq8000EliteUSDTPC 
COCSWS130538, Live, HPCompaq8000EliteUSDTPC 
COCSWS130554, Live, HPCompaq8000EliteSFFPC 
COCSWS130557, Live, HPCompaq8000EliteUSDTPC 
COCSWS130555, Live, HPCompaq8000EliteUSDTPC 
COCSWS130553, Live, HPCompaqdc7900SmallFormFactor 
COCSWS126887, Live, HPCompaq8000EliteUSDTPC 
COCSWS113315, Live, HPCompaq8000EliteUSDTPC 
COCSWS123402, Live, HPEliteDesk800G1USDT 
COCSWS123414, No response, na 
COCSWS113306, Live, HPCompaq8200EliteUSDTPC 
COCSWS123446, Live, HPCompaqdc7900SmallFormFactor 
COCSWS123501, Live, HPCompaqdc7900SmallFormFactor 
COCSWS123454, Live, HPCompaqdc7900SmallFormFactor 
COCSWS123451, Live, HPCompaqdc7900SmallFormFactor 
COCSWS123447, Live, HPCompaq8000EliteSFFPC 
COCSWS123504, No response, na 
COCSWS123476, Live, HPCompaq8000EliteSFFPC 
COCSWS123464, Live, HPEliteDesk800G1USDT 
COCSWS123471, No response, na 
COCSWS123478, Live, HPEliteDesk800G1USDT 
COCSWS123497, No response, na 
COCSWS113462, No response, na 
COCSWS123489, No response, na 
COCSWS123479, No response, na 
COCSWS123491, No response, na 
COCSWS130540, Live, HPCompaq8000EliteUSDTPC 
COCSWS150054, Live, HPEliteDesk800G1USDT 
COCSWS130556, Live, HPCompaq8000EliteUSDTPC 
cocsws130537, Live, HPCompaq8200EliteUSDTPC 
COCSWS126812, No response, na 
COCSWS141636, Live, HPEliteDesk800G1USDT 
COCSWS123042, Live, HPCompaqdc7900SmallFormFactor 
cocsws141784, No response, na 
COCSWS150002, Live, HPCompaqElite8300USDT 
COCSWS141958, No response, na 
COCSWS126905, No response, na 
COCSWS130172, Live, HPProBook6560b 
COCSWS126877, Live, Error 
COCSWS126876, No response, na 
COCSWS121860, Live, HPProBook6550b 
COCSWS130170, No response, na 
COCSWS137128, No response, na 
cocsws120113, Live, HPCompaq8000EliteUSDTPC 
COCSWS124754, Live, HPCompaq8200EliteUSDTPC 
COCSWS111920, Live, HPCompaq8000EliteUSDTPC 
COCSWS123195, Live, HPCompaqdc7900SmallFormFactor 
cocsws141637, Live, HPProBook6570b 
COCSWS141116, No response, na 
COCSWS150411, Live, HPCompaqElite8300USDT 
COCSWS150407, No response, na 
COCSWS150406, No response, na 
COCSWS150398, No response, na 
COCSWS150389, No response, na 
cocsws101749, Live, HPCompaqdc7900SmallFormFactor 
COCSWS120344, No response, na 
cocswstestroom, No response, na 
COCSWS124138, Live, HPCompaq8000EliteUSDTPC 
COCSWS111854, Live, HPCompaq8000EliteUSDTPC 
COCSWS141117, Live, HPEliteDesk800G1USDT 
COCSWS150327, No response, na 
COCSWS123791, Live, HPCompaq8000EliteSFFPC 
COCSWS130935, No response, na 
COCSWS150055, Live, HPCompaqElite8300USDT 
COCSWS124210, No response, na 
COCSWS101745, No response, na 
COCSWS123847, Live, HPEliteDesk800G1USDT 
COCSWS123922, Live, HPEliteDesk800G1USDT 
COCSWS101721, Live, HPCompaqdc7900SmallFormFactor 
COCSWS123919, Live, HPEliteDesk800G1USDT 
COCSWS141283, No response, na 
COCsws121244, No response, na 
COCSWS141326, Live, HPCompaqElite8300USDT 
COCSWS124520, Live, HPEliteDesk800G1USDT 
COCSWS123212, Live, HPCompaqdc7900SmallFormFactor 
COCSWS124979, No response, na 
COCSWS141325, No response, na 
COCSWS137131, Live, HPCompaqdc7900SmallFormFactor 
COCSWS121685, Live, HPCompaqdc7900SmallFormFactor 
COCSWS141329, Live, HPCompaqElite8300USDT 
COCSWS124989, Live, HPCompaqdc7900SmallFormFactor 
COCSWS123694, Live, HPCompaqdc7900SmallFormFactor 
COCSWS141333, No response, na 
cocsws137129, No response, na 
COCSWS141302, No response, na 
cocsws111898, No response, na 
COCSWS141327, Live, HPEliteDesk800G1USDT 
COCSWS122694, No response, na 
COCSWS123685, No response, na 
cocsws123688, Live, HPCompaqdc7800SmallFormFactor 
COCSWS141331, No response, na 
cocsws123911, No response, na 
COCSWS141332, Live, HPEliteDesk800G1USDT 
COCSWS137130, No response, na 
COCSWS123901, Live, HPCompaqdc7900SmallFormFactor 
COCSWS123850, Live, HPEliteDesk800G1USDT 
COCSWS123867, Live, HPCompaqElite8300USDT 
COCSWS150299, Live, HPProBook650G1 
COCSWS126775, Live, HPCompaq8000EliteUSDTPC 
COCSWS123682, Live, HPCompaqdc7900SmallFormFactor 
COCSWS124490, Live, HPEliteDesk800G1DM 
COCSWS150235, Live, HPProBook650G1 
COCSWS125139, Live, HPCompaq8200EliteUSDTPC 
cocsws141130, No response, na 
COCSWS126381, Live, HPEliteDesk800G1USDT 
COCSWS125128, Live, HPCompaqElite8300USDT 
COCSWS121479, Live, HPCompaq8000EliteUSDTPC 
COCSWS125115, Live, HPCompaq8200EliteUSDTPC 
COCSWS125425, Live, HPCompaq8000EliteUSDTPC 
COCSWS120279, No response, na 
COCSWS121370, Live, HPCompaqdc7900SmallFormFactor 
COCSWS120278, Live, HPCompaq8000EliteUSDTPC 
COCSWS125444, No response, na 
COCSWS125307, No response, na 
COCSWS126768, No response, na 
COCSWS126612, Live, HPCompaq8000EliteUSDTPC 
COCSWS112041, Live, HPEliteDesk800G1USDT 
COCSWS130663, No response, na 
COCSWS120804, Live, HPCompaqdc7900SmallFormFactor 
COCSWS126292, No response, na 
COCSWS150232, No response, na 
COCSWS130613, Live, HPEliteDesk800G1USDT 
COCSWS023094, Live, Error 
COCSWS150236, No response, na 
COCSWS150234, No response, na 
COCSWS150097, No response, na 
COCSWS125716, Live, HPCompaqElite8300USDT 
COCSWS150238, No response, na 
COCSWS125114, Live, HPCompaq8200EliteUSDTPC 
COCSWS141800, Live, Error 
COCSWS101725, Live, HPCompaqdc7900SmallFormFactor 
COCSWS121259, Live, HPCompaq8200EliteUSDTPC 
COCSWS126765, No response, na 
COCSWS124652, No response, na 
COCSWS124659, No response, na 
COCSWS124657, No response, na 
COCSWS124653, No response, na 
COCSWS150225, No response, na 
COCSWS150229, No response, na 
COCSWS150228, Live, Error 
COCSWS150227, No response, na 
COCSWS150226, No response, na 
COCSWS124648, No response, na 
COCSWS124650, No response, na 
COCSWS124655, No response, na 
COCSWS124660, No response, na 
COCSWS124658, No response, na 
COCSWS150230, No response, na 
COCSWS101704, Live, HPCompaqElite8300USDT 
COCSWS122803, Live, HPCompaqElite8300USDT 
COCSWS122791, No response, na 
COCSWS122801, Live, HPCompaqElite8300USDT 
COCSWS122798, No response, na 
COCSWS122804, Live, HPCompaq8200EliteUSDTPC 
COCSWS122788, No response, na 
COCSWS122802, Live, HPCompaqElite8300USDT 
COCSWS122795, No response, na 
COCSWS137125, Live, HPCompaq8200EliteUSDTPC 
COCSWS150202, No response, na 
COCSWS124500, Live, HPCompaq8000EliteUSDTPC 
COCSWS122332, Live, HPCompaqElite8300USDT 
COCSWS150156, Live, HPProBook650G1 
COCSWS112777, No response, na 
COCSWS123500, No response, na 
COCSWS150099, Live, HPEliteDesk800G1USDT 
COCSWS130223, Live, HPCompaqElite8300USDT 
COCSWS141343, No response, na 
COCSWS124149, No response, na 
COCSWS124152, Live, HPCompaqdc7900SmallFormFactor 
COCSWS124170, Live, HPCompaq8000EliteUSDTPC 
COCSWS125402, Live, HPCompaq8000EliteUltraSlimDesktop 
COCSWS150155, Live, HPEliteDesk800G1USDT 
COCSWS150154, No response, na 
COCSWS150140, Live, HPCompaqdc7800SmallFormFactor 
COCSWS150056, Live, HPCompaqElite8300USDT 
COCSWS125091, Live, HPCompaq8000EliteSFFPC 
COCSWS120064, Live, HPCompaq8200EliteUSDTPC 
COCSWS113422, Live, HPCompaqElite8300USDT 
COCSWS121246, Live, HPEliteDesk800G1USDT 
COCSWS123530, Live, HPCompaq8000EliteSFFPC 
COCSWS141882, No response, na 
COCSWS123396, No response, na 
COCSWS150053, Live, HPEliteDesk800G1USDT 
COCSWS123406, No response, na 
COCSWS141633, No response, na 
COCSWS124017, Live, HPCompaqdc7900SmallFormFactor 
COCSWS125312, No response, na 
COCSWS130106, No response, na 
COCSWS150052, No response, na 
COCSWS126981, Live, HPCompaq8000EliteUSDTPC 
COCSWS126924, No response, na 
COCSWS126925, Live, Error 
COCSWS150024, Live, HPProBook650G1 
COCSWS112583, Live, HPCompaq8000EliteSFFPC 
COCSWS120857, Live, HPCompaq8200EliteUSDTPC 
COCSWS124711, Live, HPCompaqdc7900SmallFormFactor 
COCSWS124705, Live, HPCompaqdc7900SmallFormFactor 
COCSWS150010, No response, na 
COCSWS112848, Live, HPCompaqdc7900SmallFormFactor 
COCSWS111875, Live, HPCompaqdc7900SmallFormFactor 
COCSWS124167, Live, HPEliteDesk800G1USDT 
COCSWS112727, No response, na 
COCSWS141363, Live, HPCompaq8000EliteUSDTPC 
COCSWS141345, Live, HPEliteDesk800G1USDT 
COCSWS141346, Live, HPEliteDesk800G1USDT 
COCSWS123585, No response, na 
COCSWS123558, No response, na 
COCSWS130385, Live, HPCompaq8000EliteUSDTPC 
COCSWS101801, No response, na 
cocsws112937, No response, na 
COCSWS124177, No response, na 
COCSWS124162, Live, HPCompaqdc7900SmallFormFactor 
COCSWS141123, Live, HPCompaqElite8300USDT 
COCSWS124163, Live, HPEliteDesk800G1USDT 
COCSWS150001, Live, HPCompaqElite8300USDT 
COCSWS130982, Live, HPCompaq8000EliteUSDTPC 
COCSWS124175, Live, HPCompaq8200EliteUSDTPC 
COCSWS124164, No response, na 
COCSWS124165, No response, na 
COCSWS124166, Live, HPCompaq8000EliteSFFPC 
COCSWS124154, Live, HPEliteDesk800G1USDT 
COCSWS124160, Live, HPCompaq8000EliteSFFPC 
COCSWS124161, Live, HPCompaqdc7900SmallFormFactor 
COCSWS141988, No response, na 
COCSWS141987, Live, HPProBook650G1 
COCSWS141986, Live, HPProBook650G1 
COCSWS141985, Live, HPProBook650G1 
COCSWS141983, Live, HPProBook650G1 
COCSWS124493, No response, na 
COCSWS141981, Live, Error 
COCSWS123503, No response, na 
COCSWS112189, No response, na 
COCSWS123686, No response, na 
cocsws123986, Live, HPCompaqdc7900SmallFormFactor 
COCSWS141956, No response, na 
COCSWS101363, No response, na 
COCSWS141957, No response, na 
COCSWS141959, Live, HPCompaq8000EliteUSDTPC 
COCSWS123498, No response, na 
COCSWS123462, No response, na 
COCSWS123495, No response, na 
COCSWS122362, No response, na 
COCSWS141943, Live, HPCompaq8000EliteUSDTPC 
COCSWS130243, No response, na 
COCSWS124183, Live, HPCompaqElite8300USDT 
COCSWS123502, Live, HPCompaqdc7900SmallFormFactor 
COCSWS123697, Live, HPCompaq8200EliteUltraslimDesktop 
COCSWS123441, Live, HPCompaqdc7900SmallFormFactor 
cocsws101837, Live, HPCompaq8000EliteSFFPC 
COCSWS101835, No response, na 
COCSWS141932, No response, na 
COCSWS141931, No response, na 
COCSWS122823, Live, HPEliteDesk800G1USDT 
COCSWS122732, Live, HPCompaqElite8300USDT 
COCSWS111847, No response, na 
COCSWS141916, Live, Error 
COCSWS141894, No response, na 
COCSWS141893, No response, na 
COCSWS101731, No response, na 
COCSWS141868, Live, HPEliteDesk800G1USDT 
COCSWS141867, Live, HPEliteDesk800G1USDT 
COCSWS141866, Live, HPEliteDesk800G1USDT 
COCSWS141865, No response, na 
COCSWS123707, Live, HPCompaqdc7900SmallFormFactor 
COCSWS126519, Live, HPCompaq8000EliteUSDTPC 
COCSWS141118, No response, na 
COCSWS141730, Live, Error 
COCSWS141709, No response, na 
COCSWS141706, Live, HPProBook6570b 
COCSWS141681, No response, na 
COCSWS141680, No response, na 
COCSWS141675, Live, HPEliteDesk800G1USDT 
COCSWS141674, No response, na 
COCSWS141673, No response, na 
COCSWS141669, No response, na 
COCSWS126886, No response, na 
COCSWS141671, Live, HPCompaq8000EliteSFFPC 
COCSWS121419, No response, na 
COCSWS141661, Live, HPCompaqElite8300USDT 
COCSWS141645, No response, na 
COCSWS141644, No response, na 
COCSWS141643, No response, na 
COCSWS141642, No response, na 
COCSWS141640, Live, HPCompaq8200EliteUSDTPC 
COCSWS113521, Live, HPCompaq8000EliteUSDTPC 
COCSWS141641, No response, na 
COCSWS141621, Live, HPProBook6570b 
COCSWS123637, Live, HPCompaqdc7800SmallFormFactor 
COCSWS141597, Live, HPCompaqdc7800SmallFormFactor 
COCSWS141596, Live, HPProBook6570b 
COCSWS126937, Live, HPCompaq8000EliteUSDTPC 
COCSWS122796, Live, HPCompaq8000EliteSFFPC 
COCSWS122998, Live, HPCompaqdc7800SmallFormFactor 
COCSWS141555, No response, na 
COCSWS141554, No response, na 
COCSWS141553, Live, Error 
COCSWS141550, No response, na 
COCSWS141549, Live, Error 
COCSWS112294, Live, HPCompaqElite8300USDT 
COCSWS124001, Live, HPCompaq8000EliteUSDTPC 
COCSWS112293, Live, HPCompaq8000EliteUSDTPC 
COCSWS126382, Live, HPEliteDesk800G1USDT 
COCSWS130055, Live, HPEliteDesk800G1USDT 
COcsWS112292, Live, HPCompaqElite8300USDT 
COCSWS123992, Live, HPCompaq8000EliteUSDTPC 
COCSWS141369, Live, HPCompaq8000EliteUSDTPC 
COCSWS122469, No response, na 
COCSWS121434, Live, HPEliteDesk800G1USDT 
COCSWS141492, No response, na 
COCSWS120305, No response, na 
COCSWS141465, No response, na 
COCSWS141463, No response, na 
COCSWS141462, No response, na 
COCSWS141461, No response, na 
COCSWS125105, No response, na 
COCSWS141464, No response, na 
COCSWS141460, Live, HPEliteDesk800G1USDT 
COCSWS141452, Live, HPProBook6570b 
COCSWS141451, No response, na 
COCSWS141450, No response, na 
COCSWS141449, No response, na 
COCSWS141443, No response, na 
COCSWS141425, Live, HPCompaqElite8300USDT 
COCSWS122735, Live, HPCompaq8000EliteSFFPC 
COCSWS123456, No response, na 
COCSWS120743, Live, HPCompaq8000EliteUSDTPC 
COCSWS120762, Live, HPCompaq8000EliteUSDTPC 
COCSWS120760, Live, HPCompaq8000EliteUSDTPC 
COCSWS120759, Live, HPCompaq8000EliteUSDTPC 
COCSWS120747, Live, Error 
COCSWS120749, Live, HPCompaq8000EliteUSDTPC 
COCSWS120754, Live, HPCompaq8000EliteUSDTPC 
COCSWS120748, No response, na 
COCSWS120761, Live, Error 
COCSWS120746, Live, HPCompaq8000EliteUSDTPC 
COCSWS120744, No response, na 
COCSWS120745, Live, HPCompaq8000EliteUSDTPC 
COCSWS120752, Live, HPCompaq8000EliteUSDTPC 
COCSWS120755, No response, na 
COCSWS120756, Live, HPCompaq8000EliteUSDTPC 
COCSWS120753, Live, HPCompaq8000EliteUSDTPC 
COCSWS120750, Live, HPCompaq8000EliteUSDTPC 
COCSWS120758, Live, HPCompaq8000EliteUSDTPC 
COCSWS120757, No response, na 
COCSWS120751, Live, HPCompaq8000EliteUSDTPC 
COCSWS141419, Live, Error 
COCSWS130980, No response, na 
COCSWS126723, No response, na 
COCSWS120307, Live, HPEliteDesk800G1USDT 
COCSWS141351, Live, HPCompaqdc7800SmallFormFactor 
COCSWS125032, No response, na 
COCSWS125313, Live, HPCompaq8000EliteUSDTPC 
COCSWS112518, Live, HPCompaq8000EliteUSDTPC 
COCSWS141312, Live, HPCompaq8000EliteUSDTPC 
COCSWS141348, Live, Error 
COCSWS141347, Live, HPEliteDesk800G2DM35W 
COCSWS113204, Live, HPCompaq8200EliteUSDTPC 
COCSWS125242, Live, HPCompaqdc7900SmallFormFactor 
COCSWS141304, Live, HPEliteBook820G1 
COCSWS141311, Live, HPCompaqElite8300USDT 
COCSWS141310, No response, na 
COCSWS124962, Live, HPCompaq8000EliteUSDTPC 
COCSWS141285, No response, na 
COCSWS141170, Live, HPCompaqElite8300USDT 
COCSWS141171, No response, na 
COCSWS124506, No response, na 
COCSWS141275, Live, HPCompaqElite8300USDT 
COCSWS130996, No response, na 
COCSWS141279, Live, HPCompaq8000EliteUSDTPC 
COCSWS141273, Live, Error 
COCSWS141188, Live, HPCompaq8200EliteUSDTPC 
COCSWS141177, No response, na 
COCSWS123569, Live, HPCompaq8000EliteUSDTPC 
COCSWS131051, Live, HPCompaq6730b(AY919US#ABA) 
cocsws125669, Live, HPProBook6560b 
COCSWS124388, No response, na 
COCSWS141124, No response, na 
COCSWS141160, No response, na 
COCSWS131001, No response, na 
COCSWS141115, Live, HPCompaq8000EliteUSDTPC 
cocsws121665, No response, na 
COCSWS141107, Live, HPCompaqElite8300USDT 
COCSWS113463, No response, na 
COCSWS131000, Live, HPCompaq8000EliteSFFPC 
COCSWS126599, Live, HPCompaqElite8300USDT 
COCSWS130514, Live, HPCompaq8200EliteUSDTPC 
COCSWS124649, Live, HPEliteDesk800G1USDT 
COCSWS131002, No response, na 
COCSWS113405, Live, HPEliteDesk800G1USDT 
COCSWS130578, Live, HPEliteDesk800G1USDT 
COCSWS124980, Live, HPEliteDesk800G1USDT 
COCSWS125401, Live, HPEliteDesk800G1USDT 
COCSWS120787, Live, HPEliteDesk800G1USDT 
COCSWS130515, Live, HPCompaqElite8300USDT 
COCSWS124976, Live, HPCompaqElite8300USDT 
COCSWS111856, Live, HPCompaqElite8300USDT 
COCSWS124747, Live, HPCompaq8000EliteSFFPC 
COCSWS127110, No response, na 
COCSWS112589, Live, HPCompaq8000EliteUSDTPC 
COCSWS141074, No response, na 
COCSWS141068, Live, HPProBook6570b 
COCSWS124719, Live, HPCompaqdc7800SmallFormFactor 
COCSWS130563, Live, Error 
COCSWS141055, No response, na 
COCSWS124513, Live, HPEliteDesk800G1DM 
COCSWS125142, Live, HPCompaqElite8300USDT 
COCSWS130415, Live, HPCompaqElite8300USDT 
COCSWS130618, Live, HPCompaqElite8300USDT 
COCSWS130562, Live, HPCompaqElite8300USDT 
COCSWS125672, Live, HPEliteDesk800G1USDT 
COCSWS122830, Live, HPCompaqdc7900SmallFormFactor 
COCSWS131038, Live, HPCompaq8000EliteSFFPC 
COCSWS113491, No response, na 
COCSWS124621, No response, na 
COCSWS122639, Live, HPCompaq8000EliteSFFPC 
COCSWS124499, Live, HPCompaqdc7900SmallFormFactor 
COCSWS120297, Live, HPCompaqElite8300USDT 
COCSWS131007, Live, HPCompaqdc7800SmallFormFactor 
COCSWS131005, Live, HPEliteDesk800G1USDT 
COCSWS131003, Live, HPCompaqdc7900SmallFormFactor 
COCSWS121075, No response, na 
COCSWS125377, Live, HPEliteDesk800G1USDT 
COCSWS130988, Live, HPCompaqdc7800SmallFormFactor 
COCSWS130987, Live, HPCompaq8000EliteUSDTPC 
COCSWS130989, Live, HPCompaq8000EliteUSDTPC 
COCSWS20389, No response, na 
COCSWS130985, No response, na 
COCSWS122512, Live, HPCompaq8000EliteSFFPC 
COCSWS130979, No response, na 
COCSWS121667, Live, HPCompaq8000EliteUSDTPC 
COCSWS121668, Live, HPCompaq8000EliteUSDTPC 
COCSWS121669, Live, HPCompaq8000EliteUSDTPC 
COCSWS121638, No response, na 
COCSWS125426, No response, na 
COCSWS121369, Live, HPCompaq8000EliteUSDTPC 
COCSWS120280, Live, HPCompaq8200EliteUSDTPC 
COCSWS125447, Live, HPCompaq8000EliteUSDTPC 
COCSWS130978, No response, na 
COCSWS130977, No response, na 
COCSWS121671, Live, HPCompaq8000EliteUSDTPC 
COCSWS121672, Live, HPCompaq8000EliteUSDTPC 
COCSWS121640, Live, HPCompaq8000EliteUSDTPC 
COCSWS121673, Live, HPCompaq8000EliteUSDTPC 
COCSWS130969, No response, na 
COCSWS130965, No response, na 
COCSWS123972, No response, na 
COCSWS121670, Live, HPCompaq8200EliteUSDTPC 
COCSWS130962, No response, na 
COCSWS130454, Live, HPCompaq8200EliteUSDTPC 
COCSWS124999, Live, HPCompaqElite8300USDT 
COCSWS130955, No response, na 
COCSWS130952, Live, Error 
COCSWS130930, Live, HPCompaqElite8300USDT 
COCSWS130905, No response, na 
COCSWS130904, No response, na 
COCSWS124368, Live, HPCompaq8000EliteUSDTPC 
COCSWS112717, Live, HPCompaq8000EliteUSDTPC 
COCSWS124254, Live, HPCompaqdc7900SmallFormFactor 
COCSWS113100, Live, HPCompaqdc7800SmallFormFactor 
COCSWS124255, No response, na 
COCSWS112109, Live, HPCompaq8000EliteSFFPC 
COCSWS130658, Live, HPCompaqElite8300USDT 
COCSWS123693, Live, HPCompaq8200EliteUSDTPC 
COCSWS130615, No response, na 
COCSWS121257, No response, na 
COCSWS111845, Live, HPCompaqElite8300USDT 
COCSWS124237, No response, na 
COCSWS126897, No response, na 
COCSWS130605, Live, HPCompaqElite8300USDT 
COCSWS130607, Live, HPCompaq8200EliteUSDTPC 
COCSWS130604, Live, HPCompaqElite8300USDT 
COCSWS130603, Live, HPCompaqElite8300USDT 
COCSWS123966, Live, HPCompaq8200EliteUSDTPC 
COCSWS130572, No response, na 
COCSWS137124, No response, na 
COCSWS113174, No response, na 
COCSWS124909, No response, na 
COCSWS124865, Live, HPCompaq8000EliteUSDTPC 
COCSWS124234, Live, HPEliteDesk800G1USDT 
COCSWS123974, Live, HPCompaq8000EliteUSDTPC 
COCSWS124384, Live, HPCompaqElite8300USDT 
COCSWS130499, No response, na 
COCSWS112197, Live, HPCompaqdc7900SmallFormFactor 
COCSWS126516, Live, HPCompaq8000EliteUSDTPC 
COCSWS125663, No response, na 
COCSWS125169, Live, HPCompaqElite8300USDT 
COCSWS126431, Live, HPEliteDesk800G1USDT 
COCSWS125130, Live, HPCompaqdc7900SmallFormFactor 
cocsws130500, No response, na 
COCSWS130505, Live, HPCompaqElite8300USDT 
COCSWS130498, Live, HPCompaqElite8300USDT 
COCSWS112084, No response, na 
COCSWS123567, Live, HPCompaqdc7900SmallFormFactor 
COCSWS130487, Live, HPCompaq8000EliteSFFPC 
COCSWS124841, Live, HPCompaqdc7900SmallFormFactor 
COCSWS130367, Live, HPCompaqdc7900SmallFormFactor 
COCSWS112480, No response, na 
COCSWS120022, Live, HPEliteDesk800G1USDT 
COCSWS122592, No response, na 
COCSWS130473, Live, HPCompaq8000EliteUSDTPC 
COCSWS130460, Live, HPCompaq8000EliteUSDTPC 
COCSWS130453, No response, na 
COCSWS126097, No response, na 
COCSWS130439, No response, na 
COCSWS130438, Live, HPEliteBookRevolve810G3 
COCSWS130436, No response, na 
COCSWS130435, Live, HPEliteBook2760p 
COCSWS130433, Live, Error 
COCSWS130434, Live, Error 
COCSWS113217, Live, HPCompaq8000EliteUSDTPC 
COCSWS125540, Live, HPCompaq8000EliteUSDTPC 
COCSWS127081, No response, na 
COCSWS130411, Live, HPEliteDesk800G1USDT 
COCSWS130383, Live, HPEliteDesk800G1USDT 
COCSWS126954, Live, HPCompaq8000EliteUSDTPC 
COCSWS120136, Live, HPCompaqElite8300USDT 
COCSWS130380, Live, HPCompaq8000EliteUSDTPC 
COCSWS112597, Live, HPCompaq8200EliteUSDTPC 
COCSWS130370, Live, HPCompaqdc7900SmallFormFactor 
COCSWS130373, Live, HPCompaq8200EliteUSDTPC 
COCSWS130356, Live, HPCompaq8200EliteUSDTPC 
COCSWS125395, Live, HPEliteBook820G2 
COCSWS126797, Live, HPCompaqElite8300USDT 
COCSWS125660, Live, HPCompaq8000EliteUSDTPC 
COCSWS120292, Live, HPCompaq8000EliteUSDTPC 
COCSWS120128, No response, na 
COCSWS126798, Live, HPCompaq8000EliteUSDTPC 
COCSWS130317, Live, HPEliteBook820G2 
COCSWS120124, Live, HPEliteDesk800G1USDT 
COCSWS125127, Live, HPCompaq8000EliteUSDTPC 
COCSWS130305, Live, HPCompaq8000EliteUSDTPC 
COCSWS125420, Live, HPCompaqdc7900SmallFormFactor 
COCSWS130290, Live, HPCompaqdc7800SmallFormFactor 
COCSWS125419, Live, HPCompaqdc7800SmallFormFactor 
COCSWS113298, Live, HPCompaqdc7900SmallFormFactor 
COCSWS130286, Live, HPCompaq8000EliteUSDTPC 
COCSWS120462, No response, na 
COCSWS130244, No response, na 
COCSWS130246, No response, na 
COCSWS130236, No response, na 
COCSWS130237, No response, na 
COCSWS126497, No response, na 
COCSWS130173, No response, na 
COCSWS130168, Live, HPCompaq8000EliteUSDTPC 
COCSWS130136, Live, HPCompaqElite8300USDT 
COCSWS120533, No response, na 
COCSWS130109, Live, HPEliteDesk800G1USDT 
COCSWS124116, Live, HPEliteDesk800G1USDT 
COCSWS126562, Live, HPCompaqElite8300USDT 
COCSWS126957, Live, HPCompaq8000EliteUSDTPC 
COCSWS122447, No response, na 
COCSWS130060, No response, na 
COCSWS130048, No response, na 
COCSWS126965, Live, HPCompaq8000EliteUSDTPC 
COCSWS130046, No response, na 
COCSWS124453, Live, HPCompaq8000EliteSFFPC 
COCSWS137126, Live, HPCompaqElite8300USDT 
COCSWS126992, Live, HPCompaqElite8300USDT 
COCSWS127123, Live, HPProBook6570b 
COCSWS125108, Live, HPEliteDesk800G1USDT 
COCSWS127100, No response, na 
COCSWS127098, No response, na 
COCSWS127089, No response, na 
COCSWS124992, Live, HPCompaq8000EliteUSDTPC 
COCSWS127032, Live, HPEliteDesk800G1USDT 
COCSWS127031, Live, HPCompaq8000EliteUSDTPC 
COCSWS127036, No response, na 
COCSWS126978, Live, HPCompaq8000EliteUSDTPC 
COCSWS127005, Live, HPProBook6560b 
COCSWS127002, Live, HPCompaq8000EliteUSDTPC 
COCSWS126979, No response, na 
COCSWS126951, No response, na 
COCSWS126936, No response, na 
COCSWS126920, Live, HPProBook6570b 
cocsws126001, No response, na 
COCSWS126889, Live, HPCompaq8000EliteUSDTPC 
COCSWS126848, Live, HPCompaqElite8300USDT 
COCSWS126840, No response, na 
COCSWS122952, Live, HPCompaqdc7800SmallFormFactor 
COCSWS126779, No response, na 
COCSWS126769, No response, na 
COCSWS126694, No response, na 
COCSWS126535, No response, na 
COCSWS126520, Live, HPCompaq8200EliteUSDTPC 
COCSWS126513, No response, na 
COCSWS126492, No response, na 
COCSWS123669, No response, na 
COCSWS126470, Live, HPCompaq8000EliteUSDTPC 
COCSWS126468, Live, HPCompaq8000EliteUSDTPC 
cocsws126469, Live, HPCompaq8200EliteUSDTPC 
COCSWS126437, Live, HPEliteDesk800G1USDT 
COCSWS126430, No response, na 
COCSWS126122, Live, HPCompaqdc7900SmallFormFactor 
COCSWS126121, Live, HPCompaqdc7900SmallFormFactor 
COCSWS126118, Live, HPCompaqdc7800SmallFormFactor 
COCSWS126116, No response, na 
COCSWS126130, Live, HPCompaq8200EliteUSDTPC 
COCSWS126128, Live, HPCompaqdc7900SmallFormFactor 
COCSWS126127, Live, HPCompaqdc7800SmallFormFactor 
COCSWS126126, Live, HPCompaqdc7900SmallFormFactor 
COCSWS126039, Live, HPCompaq8000EliteSFFPC 
COCSWS125998, No response, na 
COCSWS125961, No response, na 
COCSWS124302, No response, na 
cocswsws124970, No response, na 
COCSWS125739, Live, HPEliteDesk800G1USDT 
COCSWS125681, No response, na 
COCSWS125677, Live, Error 
COCSWS125658, No response, na 
COCSWS125662, Live, HPCompaqElite8300USDT 
COCSWS125539, Live, HPCompaq8000EliteUSDTPC 
COCSWS125359, Live, HPCompaqdc7900SmallFormFactor 
COCSWS125153, Live, HPEliteDesk800G1USDT 
COCSWS125267, Live, HPCompaq8000EliteUSDTPC 
COCSWS125061, No response, na 
COCSWS125043, Live, Error 
COCSWS125003, Live, HPCompaqElite8300USDT 
COCSWS125002, Live, HPCompaqElite8300USDT 
COCSWS125001, Live, HPCompaq8000EliteSFFPC 
COCSWS125084, No response, na 
COCSWS125067, No response, na 
COCSWS124967, Live, HPCompaqElite8300USDT 
COCSWS111866, Live, HPCompaqElite8300USDT 
COCSWS124965, No response, na 
COCSWS124963, Live, HPCompaqdc7900SmallFormFactor 
COCSWS124995, No response, na 
COCSWS124982, No response, na 
COCSWS124977, Live, HPCompaq8000EliteUSDTPC 
COCSWS124864, No response, na 
COCSWS124848, Live, HPCompaqdc7900SmallFormFactor 
COCSWS124845, Live, HPCompaqdc7900SmallFormFactor 
COCSWS124839, Live, HPCompaq8000EliteSFFPC 
COCSWS124886, No response, na 
COCSWS124787, Live, HPEliteDesk800G1USDT 
COCSWS124786, No response, na 
COCSWS124785, Live, HPCompaqdc7900SmallFormFactor 
COCSWS124776, Live, HPCompaqdc7900SmallFormFactor 
COCSWS123940, Live, HPCompaqdc7900SmallFormFactor 
COCSWS124765, Live, HPCompaqElite8300USDT 
COCSWS124763, Live, HPCompaqdc7900SmallFormFactor 
COCSWS124762, No response, na 
COCSWS124759, Live, HPCompaqdc7900SmallFormFactor 
COCSWS124753, Live, HPCompaqdc7800SmallFormFactor 
COCSWS124752, Live, HPCompaqdc7900SmallFormFactor 
COCSWS124748, Live, HPCompaqdc7900SmallFormFactor 
COCSWS124827, Live, HPCompaqElite8300USDT 
COCSWS124821, Live, HPCompaqElite8300USDT 
COCSWS101742, Live, HPCompaqdc7900SmallFormFactor 
COCSWS124721, Live, HPCompaqdc7900SmallFormFactor 
COCSWS124720, Live, HPCompaqdc7900SmallFormFactor 
COCSWS123815, Live, HPCompaqdc7900SmallFormFactor 
COCSWS124708, No response, na 
COCSWS124704, Live, HPCompaqdc7900SmallFormFactor 
COCSWS124701, Live, HPCompaqdc7900SmallFormFactor 
COCSWS124651, Live, HPCompaqdc7900SmallFormFactor 
COCSWS124641, No response, na 
COCSWS124746, Live, HPCompaq8000EliteUSDTPC 
COCSWS124744, Live, HPCompaqdc7900SmallFormFactor 
COCSWS124743, Live, HPCompaqdc7900SmallFormFactor 
COCSWS123854, Live, HPCompaqdc7900SmallFormFactor 
COCSWS123794, Live, HPCompaqdc7900SmallFormFactor 
COCSWS124108, Live, HPCompaq8000EliteSFFPC 
COCSWS123863, Live, HPCompaq8000EliteUSDTPC 
COCSWS123781, No response, na 
COCSWS124624, No response, na 
COCSWS124622, No response, na 
COCSWS123841, Live, HPCompaqdc7900SmallFormFactor 
COCSWS124527, Live, HPCompaqdc7800SmallFormFactor 
COCSWS101744, Live, HPCompaqdc7800SmallFormFactor 
COCSWS124395, Live, HPCompaqdc7800SmallFormFactor 
COCSWS124387, Live, HPCompaqdc7900SmallFormFactor 
COCSWS124498, Live, HPCompaq8200EliteUSDTPC 
COCSWS124482, No response, na 
COCSWS124475, Live, HPCompaqElite8300USDT 
COCSWS124474, No response, na 
COCSWS124434, Live, HPCompaqdc7800SmallFormFactor 
COCSWS124441, Live, HPEliteDesk800G1USDT 
COCSWS124408, No response, na 
COCSWS124403, Live, HPEliteDesk800G1USDT 
COCSWS124352, Live, HPCompaqdc7900SmallFormFactor 
COCSWS124344, Live, HPCompaqdc7900SmallFormFactor 
COCSWS124342, Live, HPCompaqdc7900SmallFormFactor 
COCSWS124339, No response, na 
COCSWS124337, Live, Error 
COCSWS124335, Live, HPEliteDesk800G1USDT 
COCSWS124331, Live, HPCompaq8000EliteUSDTPC 
COCSWS124330, Live, Error 
COCSWS124329, Live, HPCompaqdc7900SmallFormFactor 
COCSWS124327, Live, HPCompaqElite8300USDT 
COCSWS124326, Live, HPCompaqdc7900SmallFormFactor 
COCSWS124325, Live, HPEliteDesk800G1USDT 
COCSWS124323, Live, HPCompaq8000EliteSFFPC 
COCSWS124322, Live, HPCompaqdc7900SmallFormFactor 
COCSWS124319, Live, HPEliteDesk800G1USDT 
COCSWS124318, Live, HPCompaqdc7900SmallFormFactor 
COCSWS124311, Live, HPCompaqdc7900SmallFormFactor 
COCSWS124310, Live, HPCompaqdc7900SmallFormFactor 
COCSWS124223, No response, na 
COCSWS124200, No response, na 
COCSWS124306, No response, na 
COCSWS124286, No response, na 
COCSWS121340, Live, HPCompaq8200EliteUSDTPC 
COCSWS124245, Live, HPEliteDesk800G1USDT 
COCSWS124236, No response, na 
COCSWS124120, No response, na 
COCSWS124117, No response, na 
COCSWS124073, Live, HPCompaqdc7900SmallFormFactor 
COCSWS124055, No response, na 
COCSWS123981, No response, na 
COCSWS124125, No response, na 
COCSWS124124, Live, HPCompaqdc7900SmallFormFactor 
COCSWS123926, Live, HPCompaqElite8300USDT 
COCSWS123923, Live, HPCompaqElite8300SFF 
COCSWS123920, Live, HPCompaqdc7900SmallFormFactor 
COCSWS123905, Live, HPCompaqdc7900SmallFormFactor 
COCSWS123858, Live, HPCompaqdc7900SmallFormFactor 
COCSWS123853, No response, na 
COCSWS123842, Live, HPEliteDesk800G1USDT 
COCSWS123965, Live, HPCompaqdc7900SmallFormFactor 
COCSWS123962, No response, na 
COCSWS123961, Live, HPEliteDesk800G1USDT 
COCSWS123955, Live, HPCompaqdc7900SmallFormFactor 
COCSWS123951, No response, na 
COCSWS123947, Live, HPCompaqdc7900SmallFormFactor 
COCSWS123939, Live, HPEliteDesk800G1USDT 
COCSWS123930, No response, na 
COCSWS123929, Live, HPCompaqdc7900SmallFormFactor 
COCSWS123827, No response, na 
COCSWS123775, Live, HPCompaqdc7900SmallFormFactor 
COCSWS123772, Live, HPCompaq8000EliteSFFPC 
COCSWS123507, Live, HPEliteDesk800G1USDT 
COCSWS123609, No response, na 
COCSWS123602, Live, HPCompaqdc7900SmallFormFactor 
COCSWS123582, Live, HPCompaq8000EliteUSDTPC 
COCSWS123551, No response, na 
COCSWS123541, Live, HPCompaqdc7900SmallFormFactor 
COCSWS123018, Live, HPEliteDesk800G1DM 
COCSWS122954, Live, HPCompaq8000EliteUSDTPC 
COCSWS122957, Live, HPCompaq8000EliteUSDTPC 
COCSWS122707, No response, na 
COCSWS122679, No response, na 
COCSWS122665, Live, HPCompaqElite8300USDT 
COCSWS122654, No response, na 
COCSWS122466, Live, HPCompaqdc7900SmallFormFactor 
COCSWS122808, No response, na 
COCSWS122551, Live, HPCompaq8000EliteSFFPC 
COCSWS122542, Live, HPCompaq8000EliteUSDTPC 
COCSWS122529, Live, HPCompaqdc7900SmallFormFactor 
COCSWS122521, Live, HPCompaqdc7900SmallFormFactor 
COCSWS101813, Live, HPCompaq8200EliteUSDTPC 
COCSWS101814, Live, HPCompaqdc7900SmallFormFactor 
COCSWS101815, Live, HPCompaqdc7800SmallFormFactor 
COCSWS101816, Live, HPCompaq8000EliteUSDTPC 
COCSWS122493, Live, HPCompaqdc7800SmallFormFactor 
COCSWS122568, Live, HPCompaq8000EliteUSDTPC 
COCSWS120001, Live, HPCompaq8000EliteUSDTPC 
COCSWS120000, Live, HPCompaq8000EliteUSDTPC 
COCSWS122454, No response, na 
COCSWS122440, Live, HPEliteDesk800G1USDT 
COCSWS122484, Live, HPCompaq8000EliteUSDTPC 
COCSWS122467, Live, HPCompaq8200EliteUSDTPC 
COCSWS121727, No response, na 
COCSWS121675, No response, na 
COCSWS121282, Live, HPEliteDesk800G1USDT 
COCSWS121122, Live, HPCompaq8000EliteUSDTPC 
COCSWS121077, Live, HPCompaq8000EliteUSDTPC 
COCSWS121123, Live, HPCompaq8000EliteUSDTPC 
COCSWS121124, Live, HPCompaq8000EliteUSDTPC 
COCSWS121120, Live, HPCompaq8000EliteUSDTPC 
COCSWS121119, Live, HPCompaq8000EliteUSDTPC 
COCSWS121118, Live, HPCompaq8000EliteUSDTPC 
COCSWS121117, Live, HPCompaq8000EliteUSDTPC 
COCSWS121115, Live, HPCompaq8000EliteUSDTPC 
COCSWS121114, Live, HPCompaq8000EliteUSDTPC 
COCSWS121113, Live, HPCompaq8000EliteUSDTPC 
COCSWS121112, Live, HPCompaq8000EliteUSDTPC 
COCSWS121110, Live, HPCompaq8000EliteUSDTPC 
COCSWS121109, Live, HPCompaq8000EliteUSDTPC 
COCSWS121108, Live, HPCompaq8000EliteUSDTPC 
COCSWS121107, Live, HPCompaq8000EliteUSDTPC 
COCSWS121106, Live, HPCompaq8000EliteUSDTPC 
COCSWS121105, Live, HPCompaq8000EliteUSDTPC 
COCSWS121102, Live, HPCompaq8000EliteUSDTPC 
COCSWS121101, Live, HPCompaq8000EliteUSDTPC 
COCSWS121100, Live, HPCompaq8000EliteUSDTPC 
COCSWS121099, Live, HPCompaq8000EliteUSDTPC 
COCSWS121098, Live, HPCompaq8000EliteUSDTPC 
COCSWS121097, Live, HPCompaq8000EliteUSDTPC 
COCSWS121096, No response, na 
COCSWS121095, Live, HPCompaq8000EliteUSDTPC 
COCSWS121094, Live, HPCompaq8000EliteUSDTPC 
COCSWS121093, Live, HPCompaq8000EliteUSDTPC 
COCSWS121092, Live, HPCompaq8000EliteUSDTPC 
COCSWS121091, Live, HPCompaq8000EliteUSDTPC 
COCSWS121090, Live, HPCompaq8000EliteUSDTPC 
COCSWS121089, Live, HPCompaq8000EliteUSDTPC 
COCSWS121088, Live, HPCompaq8000EliteUSDTPC 
COCSWS121086, Live, HPCompaq8000EliteUSDTPC 
COCSWS121085, Live, HPCompaq8000EliteUSDTPC 
COCSWS121084, Live, HPCompaq8000EliteUSDTPC 
COCSWS121083, Live, HPCompaq8000EliteUSDTPC 
COCSWS121082, Live, HPCompaq8000EliteUSDTPC 
COCSWS121081, Live, HPCompaq8000EliteUSDTPC 
COCSWS121080, Live, HPCompaq8000EliteUSDTPC 
COCSWS121079, Live, HPCompaq8000EliteUSDTPC 
COCSWS121078, Live, HPCompaq8000EliteUSDTPC 
COCSWS121076, Live, HPCompaq8000EliteUSDTPC 
COCSWS101748, Live, HPCompaqdc7900SmallFormFactor 
cocsws112838, No response, na 
COCSWS101728, Live, HPCompaqdc7900SmallFormFactor 
COCSWS120811, Live, HPCompaqdc7900SmallFormFactor 
COCSWS120704, No response, na 
COCSWS120724, No response, na 
COCSWS120723, No response, na 
COCSWS120722, No response, na 
COCSWS120721, No response, na 
COCSWS120720, No response, na 
COCSWS120719, No response, na 
COCSWS120718, No response, na 
COCSWS120717, No response, na 
COCSWS120716, No response, na 
COCSWS120715, No response, na 
COCSWS120714, No response, na 
COCSWS120713, No response, na 
COCSWS120712, No response, na 
COCSWS120711, No response, na 
COCSWS120710, No response, na 
COCSWS120709, No response, na 
COCSWS120708, No response, na 
COCSWS120707, No response, na 
COCSWS120706, No response, na 
COCSWS120705, No response, na 
COCSWS120688, No response, na 
COCSWS120686, No response, na 
COCSWS120684, No response, na 
COCSWS120682, No response, na 
COCSWS120680, No response, na 
COCSWS120675, No response, na 
COCSWS120661, No response, na 
COCSWS120584, No response, na 
COCSWS120529, Live, HPCompaq8000EliteUSDTPC 
COCSWS120368, No response, na 
COCSWS120327, Live, HPCompaq8000EliteUSDTPC 
COCSWS120306, No response, na 
COCSWS120300, No response, na 
COCSWS120299, No response, na 
COCSWS120298, No response, na 
COCSWS120296, No response, na 
COCSWS120294, No response, na 
COCSWS120293, No response, na 
COCSWS120291, No response, na 
COCSWS120290, No response, na 
COCSWS120289, No response, na 
COCSWS120288, No response, na 
COCSWS120287, No response, na 
COCSWS120286, No response, na 
COCSWS120277, No response, na 
COCSWS120276, No response, na 
COCSWS120275, No response, na 
COCSWS120274, No response, na 
COCSWS120273, No response, na 
COCSWS120272, No response, na 
COCSWS120271, No response, na 
COCSWS120270, No response, na 
COCSWS120269, No response, na 
COCSWS120267, No response, na 
COCSWS120266, No response, na 
COCSWS120265, No response, na 
COCSWS120264, No response, na 
COCSWS120263, No response, na 
COCSWS120262, No response, na 
COCSWS120261, No response, na 
COCSWS120260, No response, na 
COCSWS120259, No response, na 
COCSWS120258, No response, na 
COCSWS120257, No response, na 
COCSWS120256, No response, na 
COCSWS120255, No response, na 
COCSWS120254, No response, na 
COCSWS120253, No response, na 
COCSWS120252, No response, na 
COCSWS120251, No response, na 
COCSWS120061, No response, na 
COCSWS120060, No response, na 
COCSWS120059, No response, na 
COCSWS120058, No response, na 
COCSWS120057, No response, na 
COCSWS120056, No response, na 
COCSWS120055, No response, na 
COCSWS120054, No response, na 
COCSWS120053, No response, na 
COCSWS120052, No response, na 
COCSWS120048, No response, na 
COCSWS120046, No response, na 
COCSWS120045, No response, na 
COCSWS120156, Live, HPCompaq8000EliteUSDTPC 
COCSWS120043, No response, na 
COCSWS123544, Live, HPCompaq8000EliteUSDTPC 
COCSWS123543, No response, na 
COCSWS113490, Live, HPCompaq8000EliteUSDTPC 
COCSWS113489, Live, HPCompaq8000EliteUSDTPC 
cocsws112838, No response, na 
COCSWS113349, Live, HPCompaq8000EliteSFFPC 
COCSWS113341, Live, HPCompaq8200EliteUSDTPC 
COCSWS113215, Live, HPCompaq8000EliteUSDTPC 
COCSWS113322, Live, HPCompaq8200EliteUSDTPC 
COCSWS113320, No response, na 
COCSWS113323, No response, na 
COCSWS113301, No response, na 
COCSWS113249, No response, na 
COCSWS113211, No response, na 
COCSWS113206, Live, HPCompaq8200EliteUSDTPC 
COCSWS113205, Live, HPCompaq8000EliteUSDTPC 
COCSWS113042, No response, na 
COCSWS112941, No response, na 
COCSWS112808, Live, HPCompaq8000EliteUSDTPC 
COCSWS112729, No response, na 
COCSWS112728, Live, HPCompaq8000EliteSFFPC 
COCSWS112689, Live, HPCompaq8000EliteUSDTPC 
COCSWS112590, No response, na 
COCSWS112580, Live, HPCompaq8000EliteUSDTPC 
COCSWS112479, Live, HPCompaq8000EliteUSDTPC 
COCSWS112471, Live, HPCompaq8000EliteUSDTPC 
COCSWS112342, Live, HPCompaq8000EliteUSDTPC 
COCSWS112326, Live, HPCompaq8000EliteUSDTPC 
COCSWS112003, Live, HPCompaq8000EliteSFFPC 
COCSWS111935, No response, na 
COCSWS111894, Live, HPCompaqdc7900SmallFormFactor 
COCSWS111897, Live, HPCompaqdc7900SmallFormFactor 
COCSWS111867, No response, na 
COCSWS101756, No response, na 
COCSWS101784, Live, HPCompaqdc7900SmallFormFactor 
COCSWS101785, No response, na 
COCSWS101517, No response, na 
COCSWS101743, Live, HPCompaqElite8300USDT 
COCSWS101750, Live, HPCompaq8000EliteSFFPC 
COCSWS101716, Live, HPCompaqdc7900SmallFormFactor 
COCSWS101715, Live, HPCompaq8000EliteSFFPC 
COCSWS101713, No response, na 

start: Timestamp: 2016-07-21 12:13:02 

finished: 2016-07-21 13:12:13 - difference of 0:59:11.367304